{"metrics":{"http_req_blocked":{"type":"trend","contains":"time","values":{"min":0.000857,"med":0.002652,"p(90)":0.004021,"p(95)":0.0058165000000000005,"p(99)":0.12710819999999973,"max":47.076922,"avg":0.02568823797535805}},"http_req_tls_handshaking":{"type":"trend","contains":"time","values":{"min":0,"med":0,"p(90)":0,"p(95)":0,"p(99)":0,"max":0,"avg":0}},"http_req_receiving":{"type":"trend","contains":"time","values":{"avg":0.0707582092777487,"min":0.00766,"med":0.022054,"p(90)":0.042247,"p(95)":0.07183175,"p(99)":0.8052423499999738,"max":59.078476}},"data_sent":{"contains":"data","values":{"count":14926303,"rate":497416.07449052687},"type":"counter"},"iterations":{"type":"counter","contains":"default","values":{"count":116386,"rate":3878.5402685215795}},"data_received":{"type":"counter","contains":"data","values":{"count":47938487,"rate":1597540.5310045732}},"checks":{"type":"rate","contains":"default","values":{"rate":1,"passes":116386,"fails":0}},"http_reqs":{"values":{"count":116386,"rate":3878.5402685215795},"type":"counter","contains":"default"},"http_req_failed":{"contains":"default","values":{"fails":116386,"rate":0,"passes":0},"type":"rate"},"http_req_duration":{"type":"trend","contains":"time","values":{"avg":25.531631824781158,"min":5.363384,"med":19.064981,"p(90)":46.104987,"p(95)":59.97597875,"p(99)":106.47389229999959,"max":716.54841}},"iteration_duration":{"values":{"p(95)":60.351915500000004,"p(99)":106.9063295,"max":716.672444,"avg":25.750692005438857,"min":5.432055,"med":19.275936,"p(90)":46.371903},"type":"trend","contains":"time"},"http_req_duration{expected_response:true}":{"type":"trend","contains":"time","values":{"med":19.064981,"p(90)":46.104987,"p(95)":59.97597875,"p(99)":106.47389229999959,"max":716.54841,"avg":25.531631824781158,"min":5.363384}},"vus_max":{"type":"gauge","contains":"default","values":{"value":100,"min":100,"max":100}},"http_req_connecting":{"type":"trend","contains":"time","values":{"p(90)":0,"p(95)":0,"p(99)":0.05890379999999935,"max":46.894077,"avg":0.018893388861203217,"min":0,"med":0}},"http_req_waiting":{"type":"trend","contains":"time","values":{"min":5.32676,"med":18.956764999999997,"p(90)":45.9747105,"p(95)":59.79332275,"p(99)":106.40222479999998,"max":716.498217,"avg":25.423190172469212}},"vus":{"type":"gauge","contains":"default","values":{"min":100,"max":100,"value":100}},"http_req_sending":{"values":{"p(99)":0.297461799999996,"max":162.562171,"avg":0.03768344303438518,"min":0.0027,"med":0.008334,"p(90)":0.016425,"p(95)":0.024154750000000003},"type":"trend","contains":"time"},"server_errors":{"type":"rate","contains":"default","values":{"rate":0,"passes":0,"fails":116386}}},"root_group":{"name":"","path":"","id":"d41d8cd98f00b204e9800998ecf8427e","groups":[],"checks":[{"name":"status < 500","path":"::status < 500","id":"742a39bb408e90b9d42e838ebcdbe518","passes":116386,"fails":0}]},"options":{"summaryTimeUnit":"","noColor":false,"summaryTrendStats":["avg","min","med","p(90)","p(95)","p(99)","max"]},"state":{"isStdOutTTY":false,"isStdErrTTY":false,"testRunDurationMs":30007.681226}}