{"root_group":{"name":"","path":"","id":"d41d8cd98f00b204e9800998ecf8427e","groups":[],"checks":[{"name":"status < 500","path":"::status < 500","id":"742a39bb408e90b9d42e838ebcdbe518","passes":111133,"fails":0}]},"options":{"summaryTrendStats":["avg","min","med","p(90)","p(95)","p(99)","max"],"summaryTimeUnit":"","noColor":false},"state":{"isStdOutTTY":false,"isStdErrTTY":false,"testRunDurationMs":30010.805028},"metrics":{"http_req_failed":{"contains":"default","values":{"rate":0,"passes":0,"fails":111133},"type":"rate"},"server_errors":{"type":"rate","contains":"default","values":{"rate":0,"passes":0,"fails":111133}},"data_sent":{"values":{"count":14248092,"rate":474765.4048835601},"type":"counter","contains":"data"},"iterations":{"contains":"default","values":{"rate":3703.099596838979,"count":111133},"type":"counter"},"http_req_connecting":{"type":"trend","contains":"time","values":{"avg":0.01718144596114565,"min":0,"med":0,"p(90)":0,"p(95)":0,"p(99)":0.06354063999999687,"max":37.953815}},"vus_max":{"type":"gauge","contains":"default","values":{"value":100,"min":100,"max":100}},"vus":{"type":"gauge","contains":"default","values":{"value":100,"min":100,"max":100}},"http_req_duration":{"values":{"max":454.917531,"avg":26.769662202892334,"min":5.444743,"med":18.515401,"p(90)":51.58714680000004,"p(95)":76.70949379999999,"p(99)":125.56040255999994},"type":"trend","contains":"time"},"http_req_blocked":{"type":"trend","contains":"time","values":{"p(95)":0.005944399999999994,"p(99)":0.1331401999999999,"max":41.046504,"avg":0.023707899417814288,"min":0.000834,"med":0.002627,"p(90)":0.003995}},"http_req_waiting":{"contains":"time","values":{"max":454.843394,"avg":26.659431763778393,"min":5.355289,"med":18.405079,"p(90)":51.3959984,"p(95)":76.58923599999996,"p(99)":125.52217875999996},"type":"trend"},"http_req_tls_handshaking":{"type":"trend","contains":"time","values":{"max":0,"avg":0,"min":0,"med":0,"p(90)":0,"p(95)":0,"p(99)":0}},"http_req_sending":{"type":"trend","contains":"time","values":{"avg":0.036885676747681,"min":0.00279,"med":0.008304,"p(90)":0.016281,"p(95)":0.023285199999999954,"p(99)":0.2834741199999992,"max":46.049477}},"checks":{"type":"rate","contains":"default","values":{"rate":1,"passes":111133,"fails":0}},"iteration_duration":{"values":{"p(95)":76.89303459999996,"p(99)":125.80035239999974,"max":457.485792,"avg":26.976710987186486,"min":5.527799,"med":18.736705,"p(90)":51.917494600000005},"type":"trend","contains":"time"},"data_received":{"type":"counter","contains":"data","values":{"count":45787695,"rate":1525706.9897751894}},"http_reqs":{"type":"counter","contains":"default","values":{"count":111133,"rate":3703.099596838979}},"http_req_duration{expected_response:true}":{"type":"trend","contains":"time","values":{"avg":26.769662202892334,"min":5.444743,"med":18.515401,"p(90)":51.58714680000004,"p(95)":76.70949379999999,"p(99)":125.56040255999994,"max":454.917531}},"http_req_receiving":{"values":{"avg":0.07334476236581386,"min":0.007892,"med":0.021883,"p(90)":0.04170740000000001,"p(95)":0.07377539999999996,"p(99)":0.8927463199999859,"max":57.50725},"type":"trend","contains":"time"}}}