{"root_group":{"name":"","path":"","id":"d41d8cd98f00b204e9800998ecf8427e","groups":[],"checks":[{"id":"742a39bb408e90b9d42e838ebcdbe518","passes":161909,"fails":0,"name":"status < 500","path":"::status < 500"}]},"options":{"summaryTrendStats":["avg","min","med","p(90)","p(95)","p(99)","max"],"summaryTimeUnit":"","noColor":false},"state":{"testRunDurationMs":60016.47392,"isStdOutTTY":false,"isStdErrTTY":false},"metrics":{"checks":{"values":{"fails":0,"rate":1,"passes":161909},"type":"rate","contains":"default"},"iteration_duration":{"contains":"time","values":{"med":17.955429,"p(90)":79.94196400000001,"p(95)":86.4309178,"p(99)":102.74247604000003,"max":230.515612,"avg":37.0372537899563,"min":5.402432},"type":"trend"},"data_received":{"type":"counter","contains":"data","values":{"count":67515610,"rate":1124951.2940396348}},"http_req_connecting":{"type":"trend","contains":"time","values":{"p(95)":0,"p(99)":0.05870372000000565,"max":18.071415,"avg":0.007142538969421098,"min":0,"med":0,"p(90)":0}},"vus_max":{"type":"gauge","contains":"default","values":{"value":100,"min":100,"max":100}},"http_req_failed":{"type":"rate","contains":"default","values":{"rate":0,"passes":0,"fails":161909}},"http_req_blocked":{"type":"trend","contains":"time","values":{"p(90)":0.003531,"p(95)":0.004367,"p(99)":0.12287932000000122,"max":34.093692,"avg":0.013867617464130864,"min":0.000823,"med":0.002429}},"http_reqs":{"type":"counter","contains":"default","values":{"count":161909,"rate":2697.7426267297774}},"http_req_waiting":{"type":"trend","contains":"time","values":{"min":5.31885,"med":17.665659,"p(90)":79.607056,"p(95)":86.0728544,"p(99)":102.16800684,"max":222.278296,"avg":36.7597696280563}},"data_sent":{"type":"counter","contains":"data","values":{"rate":345882.0994327419,"count":20758624}},"http_req_sending":{"type":"trend","contains":"time","values":{"p(99)":0.28367392000000063,"max":39.459452,"avg":0.029055560654441537,"min":0.002515,"med":0.00775,"p(90)":0.014588,"p(95)":0.02273520000000001}},"http_req_receiving":{"contains":"time","values":{"min":0.007548,"med":0.019076,"p(90)":0.039555,"p(95)":0.07920100000000023,"p(99)":0.7772424800000588,"max":39.971913,"avg":0.05941058547084922},"type":"trend"},"http_req_tls_handshaking":{"type":"trend","contains":"time","values":{"avg":0,"min":0,"med":0,"p(90)":0,"p(95)":0,"p(99)":0,"max":0}},"http_req_duration":{"type":"trend","contains":"time","values":{"p(95)":86.2171708,"p(99)":102.31321464000008,"max":222.304869,"avg":36.84823577418166,"min":5.347051,"med":17.751218,"p(90)":79.7187792}},"http_req_duration{expected_response:true}":{"contains":"time","values":{"avg":36.84823577418166,"min":5.347051,"med":17.751218,"p(90)":79.7187792,"p(95)":86.2171708,"p(99)":102.31321464000008,"max":222.304869},"type":"trend"},"vus":{"type":"gauge","contains":"default","values":{"value":100,"min":100,"max":100}},"iterations":{"type":"counter","contains":"default","values":{"count":161909,"rate":2697.7426267297774}},"server_errors":{"values":{"rate":0,"passes":0,"fails":161909},"type":"rate","contains":"default"}}}