{"metrics":{"server_errors":{"type":"rate","contains":"default","values":{"fails":171863,"rate":0,"passes":0}},"http_req_failed":{"type":"rate","contains":"default","values":{"rate":0,"passes":0,"fails":171863}},"vus_max":{"type":"gauge","contains":"default","values":{"min":100,"max":100,"value":100}},"checks":{"type":"rate","contains":"default","values":{"rate":1,"passes":171863,"fails":0}},"data_received":{"values":{"count":71984624,"rate":1199365.667628461},"type":"counter","contains":"data"},"http_req_duration":{"type":"trend","contains":"time","values":{"p(95)":84.66973399999999,"p(99)":99.58669012,"max":201.905737,"avg":34.70742855829933,"min":5.296919,"med":16.197115,"p(90)":78.21243820000002}},"http_req_tls_handshaking":{"values":{"p(90)":0,"p(95)":0,"p(99)":0,"max":0,"avg":0,"min":0,"med":0},"type":"trend","contains":"time"},"iteration_duration":{"type":"trend","contains":"time","values":{"p(99)":99.87223778000002,"max":202.009114,"avg":34.89462812854503,"min":5.37667,"med":16.40067,"p(90)":78.43357560000001,"p(95)":84.91860859999998}},"vus":{"type":"gauge","contains":"default","values":{"value":100,"min":100,"max":100}},"http_req_blocked":{"type":"trend","contains":"time","values":{"med":0.002397,"p(90)":0.003496,"p(95)":0.004341,"p(99)":0.11973822000000009,"max":25.963257,"avg":0.013331706475506015,"min":0.00085}},"http_req_receiving":{"type":"trend","contains":"time","values":{"med":0.018671,"p(90)":0.038393200000000065,"p(95)":0.0737429,"p(99)":0.7894023400000041,"max":28.198685,"avg":0.06004613688810274,"min":0.00747}},"data_sent":{"type":"counter","contains":"data","values":{"count":22037891,"rate":367182.4395767942}},"http_req_duration{expected_response:true}":{"values":{"p(90)":78.21243820000002,"p(95)":84.66973399999999,"p(99)":99.58669012,"max":201.905737,"avg":34.70742855829933,"min":5.296919,"med":16.197115},"type":"trend","contains":"time"},"http_req_sending":{"type":"trend","contains":"time","values":{"avg":0.02915488722412605,"min":0.002535,"med":0.007665,"p(90)":0.014367800000000017,"p(95)":0.022583899999999994,"p(99)":0.27532138,"max":31.294833}},"http_req_waiting":{"type":"trend","contains":"time","values":{"avg":34.61822753418745,"min":5.273531,"med":16.096911,"p(90)":78.10313780000004,"p(95)":84.51502779999998,"p(99)":99.42483996000004,"max":201.883958}},"iterations":{"type":"counter","contains":"default","values":{"count":171863,"rate":2863.48070298499}},"http_req_connecting":{"type":"trend","contains":"time","values":{"max":25.890147,"avg":0.007536334365162962,"min":0,"med":0,"p(90)":0,"p(95)":0,"p(99)":0.056545380000000936}},"http_reqs":{"type":"counter","contains":"default","values":{"count":171863,"rate":2863.48070298499}}},"root_group":{"name":"","path":"","id":"d41d8cd98f00b204e9800998ecf8427e","groups":[],"checks":[{"fails":0,"name":"status < 500","path":"::status < 500","id":"742a39bb408e90b9d42e838ebcdbe518","passes":171863}]},"options":{"summaryTrendStats":["avg","min","med","p(90)","p(95)","p(99)","max"],"summaryTimeUnit":"","noColor":false},"state":{"isStdOutTTY":false,"isStdErrTTY":false,"testRunDurationMs":60018.913283}}