{"root_group":{"name":"","path":"","id":"d41d8cd98f00b204e9800998ecf8427e","groups":[],"checks":[{"name":"status < 500","path":"::status < 500","id":"742a39bb408e90b9d42e838ebcdbe518","passes":454724,"fails":0}]},"options":{"summaryTrendStats":["avg","min","med","p(90)","p(95)","p(99)","max"],"summaryTimeUnit":"","noColor":false},"state":{"testRunDurationMs":60010.974102,"isStdOutTTY":false,"isStdErrTTY":false},"metrics":{"http_req_connecting":{"type":"trend","contains":"time","values":{"p(95)":0,"p(99)":0.05412644000000134,"max":62.359577,"avg":0.03084677285342325,"min":0,"med":0,"p(90)":0}},"http_req_duration":{"type":"trend","contains":"time","values":{"min":5.210627,"med":10.146735,"p(90)":23.0727581,"p(95)":28.92984509999999,"p(99)":45.30988100000006,"max":198.352512,"avg":12.915696411350645}},"vus_max":{"type":"gauge","contains":"default","values":{"value":100,"min":100,"max":100}},"server_errors":{"type":"rate","contains":"default","values":{"rate":0,"passes":0,"fails":454724}},"data_sent":{"values":{"count":58254359,"rate":970728.4354522508},"type":"counter","contains":"data"},"http_req_blocked":{"contains":"time","values":{"min":0.000854,"med":0.002541,"p(90)":0.004126,"p(95)":0.007576,"p(99)":0.21088102000000047,"max":62.38155,"avg":0.03786897191263402},"type":"trend"},"http_req_waiting":{"contains":"time","values":{"p(95)":28.615386249999997,"p(99)":44.820565970000025,"max":127.92014,"avg":12.766126646207121,"min":5.181969,"med":10.021896,"p(90)":22.788080100000002},"type":"trend"},"checks":{"type":"rate","contains":"default","values":{"rate":1,"passes":454724,"fails":0}},"http_req_sending":{"type":"trend","contains":"time","values":{"med":0.007834,"p(90)":0.016704,"p(95)":0.03447984999999997,"p(99)":0.5633439300000131,"max":49.210497,"avg":0.05835366645261771,"min":0.002488}},"data_received":{"type":"counter","contains":"data","values":{"count":198394736,"rate":3305974.265020105}},"http_req_failed":{"type":"rate","contains":"default","values":{"fails":454724,"rate":0,"passes":0}},"vus":{"contains":"default","values":{"value":100,"min":100,"max":100},"type":"gauge"},"http_req_duration{expected_response:true}":{"type":"trend","contains":"time","values":{"avg":12.915696411350645,"min":5.210627,"med":10.146735,"p(90)":23.0727581,"p(95)":28.92984509999999,"p(99)":45.30988100000006,"max":198.352512}},"http_req_tls_handshaking":{"values":{"avg":0,"min":0,"med":0,"p(90)":0,"p(95)":0,"p(99)":0,"max":0},"type":"trend","contains":"time"},"iteration_duration":{"type":"trend","contains":"time","values":{"p(99)":46.23071340000009,"max":198.429004,"avg":13.171949583213706,"min":5.282482,"med":10.355801,"p(90)":23.444122200000002,"p(95)":29.396410099999997}},"iterations":{"type":"counter","contains":"default","values":{"count":454724,"rate":7577.347423608065}},"http_req_receiving":{"values":{"min":0.006779,"med":0.019296,"p(90)":0.061501400000000025,"p(95)":0.14896454999999992,"p(99)":1.3786895800000158,"max":170.971676,"avg":0.09121609869063464},"type":"trend","contains":"time"},"http_reqs":{"type":"counter","contains":"default","values":{"count":454724,"rate":7577.347423608065}}}}