{"state":{"isStdOutTTY":false,"isStdErrTTY":false,"testRunDurationMs":30015.264739},"metrics":{"http_req_duration":{"type":"trend","contains":"time","values":{"med":18.474708999999997,"p(90)":50.88445029999998,"p(95)":71.7434658,"p(99)":131.80590305999996,"max":407.871109,"avg":26.55761868752974,"min":5.365888}},"http_reqs":{"contains":"default","values":{"count":111934,"rate":3729.2358062915837},"type":"counter"},"http_req_sending":{"type":"trend","contains":"time","values":{"min":0.002694,"med":0.008178,"p(90)":0.0160627,"p(95)":0.02266634999999999,"p(99)":0.3093697799999996,"max":60.724265,"avg":0.03848651432093904}},"http_req_receiving":{"values":{"min":0.008081,"med":0.021371,"p(90)":0.04038179999999999,"p(95)":0.06188709999999995,"p(99)":0.7554983999999971,"max":50.166139,"avg":0.06985258366537467},"type":"trend","contains":"time"},"http_req_duration{expected_response:true}":{"contains":"time","values":{"avg":26.55761868752974,"min":5.365888,"med":18.474708999999997,"p(90)":50.88445029999998,"p(95)":71.7434658,"p(99)":131.80590305999996,"max":407.871109},"type":"trend"},"data_received":{"contains":"data","values":{"count":46138561,"rate":1537169.8834310255},"type":"counter"},"http_req_tls_handshaking":{"type":"trend","contains":"time","values":{"med":0,"p(90)":0,"p(95)":0,"p(99)":0,"max":0,"avg":0,"min":0}},"http_req_waiting":{"type":"trend","contains":"time","values":{"avg":26.44927958954339,"min":5.331956,"med":18.3708855,"p(90)":50.6956103,"p(95)":71.59112119999999,"p(99)":131.58160846999985,"max":407.806109}},"iteration_duration":{"type":"trend","contains":"time","values":{"p(90)":51.1635255,"p(95)":72.05528364999998,"p(99)":132.14959196999973,"max":419.177426,"avg":26.783509471010035,"min":5.445173,"med":18.726808}},"server_errors":{"type":"rate","contains":"default","values":{"rate":0,"passes":0,"fails":111934}},"vus_max":{"type":"gauge","contains":"default","values":{"value":100,"min":100,"max":100}},"checks":{"type":"rate","contains":"default","values":{"rate":1,"passes":111934,"fails":0}},"data_sent":{"type":"counter","contains":"data","values":{"count":14348746,"rate":478048.2905871597}},"vus":{"type":"gauge","contains":"default","values":{"value":100,"min":100,"max":100}},"http_req_connecting":{"type":"trend","contains":"time","values":{"p(95)":0,"p(99)":0.06526049999999955,"max":33.417173,"avg":0.02069161045794844,"min":0,"med":0,"p(90)":0}},"http_req_failed":{"type":"rate","contains":"default","values":{"fails":111934,"rate":0,"passes":0}},"iterations":{"values":{"count":111934,"rate":3729.2358062915837},"type":"counter","contains":"default"},"http_req_blocked":{"type":"trend","contains":"time","values":{"p(99)":0.12799040999999978,"max":37.762366,"avg":0.027618979988207157,"min":0.00092,"med":0.002581,"p(90)":0.003819,"p(95)":0.005185399999999965}}},"root_group":{"name":"","path":"","id":"d41d8cd98f00b204e9800998ecf8427e","groups":[],"checks":[{"name":"status < 500","path":"::status < 500","id":"742a39bb408e90b9d42e838ebcdbe518","passes":111934,"fails":0}]},"options":{"summaryTrendStats":["avg","min","med","p(90)","p(95)","p(99)","max"],"summaryTimeUnit":"","noColor":false}}