{"metrics":{"iteration_duration":{"contains":"time","values":{"max":209.548356,"avg":35.58418353354669,"min":5.400134,"med":17.1058105,"p(90)":78.56917250000001,"p(95)":85.14385225,"p(99)":99.08323765},"type":"trend"},"http_reqs":{"type":"counter","contains":"default","values":{"count":168516,"rate":2807.805684407007}},"data_sent":{"type":"counter","contains":"data","values":{"count":21581520,"rate":359590.2735297747}},"http_req_connecting":{"type":"trend","contains":"time","values":{"avg":0.00804118437418408,"min":0,"med":0,"p(90)":0,"p(95)":0,"p(99)":0.0561541000000012,"max":26.601899}},"checks":{"type":"rate","contains":"default","values":{"rate":1,"passes":168516,"fails":0}},"http_req_sending":{"type":"trend","contains":"time","values":{"avg":0.03262335451826524,"min":0.002686,"med":0.007712,"p(90)":0.01457,"p(95)":0.022741,"p(99)":0.27602780000000215,"max":36.347872}},"vus":{"type":"gauge","contains":"default","values":{"min":100,"max":100,"value":100}},"http_req_waiting":{"type":"trend","contains":"time","values":{"p(99)":98.54973855000001,"max":209.418792,"avg":35.304195578194395,"min":5.281637,"med":16.831811000000002,"p(90)":78.249166,"p(95)":84.739046}},"iterations":{"type":"counter","contains":"default","values":{"count":168516,"rate":2807.805684407007}},"server_errors":{"values":{"rate":0,"passes":0,"fails":168516},"type":"rate","contains":"default"},"http_req_tls_handshaking":{"type":"trend","contains":"time","values":{"p(90)":0,"p(95)":0,"p(99)":0,"max":0,"avg":0,"min":0,"med":0}},"http_req_receiving":{"type":"trend","contains":"time","values":{"max":32.365745,"avg":0.06013392854091082,"min":0.007208,"med":0.018863,"p(90)":0.039329,"p(95)":0.07587775,"p(99)":0.7664753000000002}},"vus_max":{"type":"gauge","contains":"default","values":{"value":100,"min":100,"max":100}},"http_req_duration":{"contains":"time","values":{"avg":35.396952861253666,"min":5.312724,"med":16.92438,"p(90)":78.3619965,"p(95)":84.87539125,"p(99)":98.77049185000001,"max":209.444653},"type":"trend"},"http_req_duration{expected_response:true}":{"type":"trend","contains":"time","values":{"min":5.312724,"med":16.92438,"p(90)":78.3619965,"p(95)":84.87539125,"p(99)":98.77049185000001,"max":209.444653,"avg":35.396952861253666}},"http_req_failed":{"type":"rate","contains":"default","values":{"rate":0,"passes":0,"fails":168516}},"data_received":{"type":"counter","contains":"data","values":{"count":70572805,"rate":1175880.7652896298}},"http_req_blocked":{"type":"trend","contains":"time","values":{"avg":0.014075944106197226,"min":0.00082,"med":0.002437,"p(90)":0.003579,"p(95)":0.00447125,"p(99)":0.12129965000000016,"max":26.642276}}},"root_group":{"id":"d41d8cd98f00b204e9800998ecf8427e","groups":[],"checks":[{"path":"::status < 500","id":"742a39bb408e90b9d42e838ebcdbe518","passes":168516,"fails":0,"name":"status < 500"}],"name":"","path":""},"options":{"summaryTrendStats":["avg","min","med","p(90)","p(95)","p(99)","max"],"summaryTimeUnit":"","noColor":false},"state":{"testRunDurationMs":60016.97373,"isStdOutTTY":false,"isStdErrTTY":false}}