{"root_group":{"id":"d41d8cd98f00b204e9800998ecf8427e","groups":[],"checks":[{"fails":0,"name":"status < 500","path":"::status < 500","id":"742a39bb408e90b9d42e838ebcdbe518","passes":159178}],"name":"","path":""},"options":{"summaryTimeUnit":"","noColor":false,"summaryTrendStats":["avg","min","med","p(90)","p(95)","p(99)","max"]},"state":{"testRunDurationMs":60091.762657,"isStdOutTTY":false,"isStdErrTTY":false},"metrics":{"http_req_blocked":{"type":"trend","contains":"time","values":{"avg":0.014413714527132858,"min":0.000864,"med":0.002434,"p(90)":0.003527,"p(95)":0.004367,"p(99)":0.12201559000000035,"max":39.386472}},"http_req_tls_handshaking":{"contains":"time","values":{"p(90)":0,"p(95)":0,"p(99)":0,"max":0,"avg":0,"min":0,"med":0},"type":"trend"},"http_req_failed":{"type":"rate","contains":"default","values":{"fails":159178,"rate":0,"passes":0}},"vus":{"type":"gauge","contains":"default","values":{"value":100,"min":100,"max":100}},"http_req_waiting":{"contains":"time","values":{"max":202.676958,"avg":37.42342443019764,"min":5.300758,"med":18.0441705,"p(90)":80.1761699,"p(95)":86.53554019999999,"p(99)":101.44621162000001},"type":"trend"},"checks":{"type":"rate","contains":"default","values":{"rate":1,"passes":159178,"fails":0}},"vus_max":{"values":{"value":100,"min":100,"max":100},"type":"gauge","contains":"default"},"http_req_sending":{"type":"trend","contains":"time","values":{"p(95)":0.02236329999999999,"p(99)":0.28155511000000166,"max":35.698232,"avg":0.030244327438465377,"min":0.002648,"med":0.0077205,"p(90)":0.014469300000000017}},"iterations":{"type":"counter","contains":"default","values":{"rate":2648.915474631324,"count":159178}},"http_req_duration":{"values":{"p(99)":101.57433115,"max":202.700641,"avg":37.514228210902495,"min":5.329284,"med":18.1402735,"p(90)":80.29196800000001,"p(95)":86.63952035},"type":"trend","contains":"time"},"http_req_connecting":{"values":{"min":0,"med":0,"p(90)":0,"p(95)":0,"p(99)":0.056654200000001466,"max":39.356115,"avg":0.008680930279309962},"type":"trend","contains":"time"},"http_req_duration{expected_response:true}":{"values":{"avg":37.514228210902495,"min":5.329284,"med":18.1402735,"p(90)":80.29196800000001,"p(95)":86.63952035,"p(99)":101.57433115,"max":202.700641},"type":"trend","contains":"time"},"data_received":{"type":"counter","contains":"data","values":{"count":66424159,"rate":1105378.775110075}},"http_req_receiving":{"contains":"time","values":{"p(95)":0.06959714999999989,"p(99)":0.7421957200000028,"max":33.353451,"avg":0.0605594532661546,"min":0.007051,"med":0.019013,"p(90)":0.038618300000000015},"type":"trend"},"iteration_duration":{"type":"trend","contains":"time","values":{"p(99)":101.7968763400001,"max":202.788124,"avg":37.70165629311186,"min":5.398982,"med":18.327700999999998,"p(90)":80.526582,"p(95)":86.9308175}},"http_reqs":{"contains":"default","values":{"count":159178,"rate":2648.915474631324},"type":"counter"},"data_sent":{"values":{"count":20413669,"rate":339708.2744355485},"type":"counter","contains":"data"},"server_errors":{"type":"rate","contains":"default","values":{"rate":0,"passes":0,"fails":159178}}}}