{"root_group":{"checks":[{"name":"status < 500","path":"::status < 500","id":"742a39bb408e90b9d42e838ebcdbe518","passes":37732,"fails":0}],"name":"","path":"","id":"d41d8cd98f00b204e9800998ecf8427e","groups":[]},"options":{"summaryTrendStats":["avg","min","med","p(90)","p(95)","p(99)","max"],"summaryTimeUnit":"","noColor":false},"state":{"isStdOutTTY":false,"isStdErrTTY":false,"testRunDurationMs":30038.888768},"metrics":{"http_reqs":{"type":"counter","contains":"default","values":{"count":37732,"rate":1256.1050540656272}},"data_received":{"type":"counter","contains":"data","values":{"count":15406146,"rate":512873.36622158764}},"iteration_duration":{"type":"trend","contains":"time","values":{"avg":79.55956286918361,"min":5.507096,"med":79.795008,"p(90)":176.9043401,"p(95)":200.97859009999988,"p(99)":377.24690534000075,"max":1147.635428}},"http_req_tls_handshaking":{"contains":"time","values":{"avg":0,"min":0,"med":0,"p(90)":0,"p(95)":0,"p(99)":0,"max":0},"type":"trend"},"server_errors":{"type":"rate","contains":"default","values":{"rate":0,"passes":0,"fails":37732}},"http_req_duration":{"type":"trend","contains":"time","values":{"med":79.58431949999999,"p(90)":176.6515663,"p(95)":200.79559894999997,"p(99)":377.14106743000076,"max":1147.353892,"avg":79.39057620799304,"min":5.438948}},"http_req_duration{expected_response:true}":{"type":"trend","contains":"time","values":{"avg":79.39057620799304,"min":5.438948,"med":79.58431949999999,"p(90)":176.6515663,"p(95)":200.79559894999997,"p(99)":377.14106743000076,"max":1147.353892}},"http_req_receiving":{"contains":"time","values":{"med":0.024061,"p(90)":0.0436218,"p(95)":0.062454749999999955,"p(99)":0.4352030300000002,"max":25.964811,"avg":0.05788171196862092,"min":0.008498},"type":"trend"},"vus":{"type":"gauge","contains":"default","values":{"value":100,"min":100,"max":100}},"http_req_blocked":{"type":"trend","contains":"time","values":{"max":22.083693,"avg":0.012573739425421417,"min":0.000824,"med":0.002624,"p(90)":0.003607,"p(95)":0.004487449999999997,"p(99)":0.124488640000002}},"vus_max":{"type":"gauge","contains":"default","values":{"value":100,"min":100,"max":100}},"http_req_sending":{"values":{"p(99)":0.19391300000000233,"max":13.434441,"avg":0.02120724766776215,"min":0.00277,"med":0.00838,"p(90)":0.0173589,"p(95)":0.024198999999999943},"type":"trend","contains":"time"},"http_req_waiting":{"type":"trend","contains":"time","values":{"max":1147.318379,"avg":79.31148724835636,"min":5.413182,"med":79.522366,"p(90)":176.57406870000005,"p(95)":200.76528765,"p(99)":377.1091294200008}},"iterations":{"type":"counter","contains":"default","values":{"count":37732,"rate":1256.1050540656272}},"data_sent":{"type":"counter","contains":"data","values":{"rate":160750.12086146156,"count":4828755}},"http_req_connecting":{"type":"trend","contains":"time","values":{"min":0,"med":0,"p(90)":0,"p(95)":0,"p(99)":0.06085027000000043,"max":19.812969,"avg":0.006508481103572566}},"http_req_failed":{"type":"rate","contains":"default","values":{"rate":0,"passes":0,"fails":37732}},"checks":{"type":"rate","contains":"default","values":{"rate":1,"passes":37732,"fails":0}}}}