{"root_group":{"name":"","path":"","id":"d41d8cd98f00b204e9800998ecf8427e","groups":[],"checks":[{"fails":0,"name":"status < 500","path":"::status < 500","id":"742a39bb408e90b9d42e838ebcdbe518","passes":163248}]},"options":{"summaryTimeUnit":"","noColor":false,"summaryTrendStats":["avg","min","med","p(90)","p(95)","p(99)","max"]},"state":{"isStdOutTTY":false,"isStdErrTTY":false,"testRunDurationMs":60012.37976},"metrics":{"http_req_sending":{"type":"trend","contains":"time","values":{"max":22.31069,"avg":0.030857440140154447,"min":0.002661,"med":0.007645,"p(90)":0.014281,"p(95)":0.023431299999999988,"p(99)":0.3016572599999999}},"data_received":{"type":"counter","contains":"data","values":{"count":68296374,"rate":1138038.0893597144}},"http_req_duration":{"values":{"min":5.284027,"med":15.005561499999999,"p(90)":73.08027980000001,"p(95)":80.24246304999998,"p(99)":286.7942508099999,"max":489.15674,"avg":36.53466857515508},"type":"trend","contains":"time"},"http_req_duration{expected_response:true}":{"type":"trend","contains":"time","values":{"p(90)":73.08027980000001,"p(95)":80.24246304999998,"p(99)":286.7942508099999,"max":489.15674,"avg":36.53466857515508,"min":5.284027,"med":15.005561499999999}},"http_req_blocked":{"type":"trend","contains":"time","values":{"max":26.943043,"avg":0.0188851351502011,"min":0.000832,"med":0.002426,"p(90)":0.003576,"p(95)":0.004506,"p(99)":0.12511111999999988}},"iteration_duration":{"type":"trend","contains":"time","values":{"med":15.1990225,"p(90)":73.29973860000001,"p(95)":80.52540059999997,"p(99)":287.0060291,"max":489.283571,"avg":36.730197297798725,"min":5.362761}},"iterations":{"type":"counter","contains":"default","values":{"count":163248,"rate":2720.238734955309}},"http_req_tls_handshaking":{"type":"trend","contains":"time","values":{"avg":0,"min":0,"med":0,"p(90)":0,"p(95)":0,"p(99)":0,"max":0}},"data_sent":{"type":"counter","contains":"data","values":{"count":20922768,"rate":348640.8651627182}},"http_req_receiving":{"type":"trend","contains":"time","values":{"p(95)":0.0901576999999999,"p(99)":0.8659397199999992,"max":39.268837,"avg":0.06187775006125559,"min":0.00765,"med":0.018616,"p(90)":0.039988}},"server_errors":{"type":"rate","contains":"default","values":{"rate":0,"passes":0,"fails":163248}},"vus":{"type":"gauge","contains":"default","values":{"value":100,"min":100,"max":100}},"http_req_waiting":{"type":"trend","contains":"time","values":{"avg":36.441933384953856,"min":5.254875,"med":14.9102675,"p(90)":72.9720341,"p(95)":80.07426975,"p(99)":286.52811111999995,"max":489.115996}},"http_reqs":{"values":{"count":163248,"rate":2720.238734955309},"type":"counter","contains":"default"},"http_req_connecting":{"values":{"med":0,"p(90)":0,"p(95)":0,"p(99)":0.05610301999999996,"max":26.910199,"avg":0.012557751415024984,"min":0},"type":"trend","contains":"time"},"checks":{"type":"rate","contains":"default","values":{"rate":1,"passes":163248,"fails":0}},"vus_max":{"type":"gauge","contains":"default","values":{"max":100,"value":100,"min":100}},"http_req_failed":{"values":{"rate":0,"passes":0,"fails":163248},"type":"rate","contains":"default"}}}