{"state":{"isStdOutTTY":false,"isStdErrTTY":false,"testRunDurationMs":60014.740255},"metrics":{"http_req_failed":{"type":"rate","contains":"default","values":{"rate":0,"passes":0,"fails":207854}},"server_errors":{"values":{"rate":0,"passes":0,"fails":207854},"type":"rate","contains":"default"},"vus_max":{"values":{"min":100,"max":100,"value":100},"type":"gauge","contains":"default"},"http_req_waiting":{"type":"trend","contains":"time","values":{"p(90)":70.1524976,"p(95)":74.84310249999999,"p(99)":84.79838034,"max":166.586544,"avg":28.572970686189304,"min":5.208221,"med":14.052436499999999}},"vus":{"values":{"value":100,"min":100,"max":100},"type":"gauge","contains":"default"},"http_req_duration":{"type":"trend","contains":"time","values":{"med":14.1462975,"p(90)":70.2333279,"p(95)":74.94464904999997,"p(99)":85.02004394000001,"max":166.624437,"avg":28.663701287138952,"min":5.232189}},"data_sent":{"type":"counter","contains":"data","values":{"count":26615430,"rate":443481.5494812142}},"http_req_connecting":{"type":"trend","contains":"time","values":{"p(99)":0.051873680000000165,"max":31.041803,"avg":0.007275897625256197,"min":0,"med":0,"p(90)":0,"p(95)":0}},"http_req_blocked":{"type":"trend","contains":"time","values":{"min":0.000849,"med":0.002369,"p(90)":0.003552,"p(95)":0.004508349999999977,"p(99)":0.12501582,"max":31.120712,"avg":0.013471076640333882}},"iterations":{"type":"counter","contains":"default","values":{"count":207854,"rate":3463.3824809844627}},"http_req_duration{expected_response:true}":{"values":{"min":5.232189,"med":14.1462975,"p(90)":70.2333279,"p(95)":74.94464904999997,"p(99)":85.02004394000001,"max":166.624437,"avg":28.663701287138952},"type":"trend","contains":"time"},"http_req_receiving":{"type":"trend","contains":"time","values":{"max":30.192174,"avg":0.06155397732542978,"min":0.007257,"med":0.018351,"p(90)":0.039549700000000014,"p(95)":0.0892619499999996,"p(99)":0.8862746400000003}},"http_req_tls_handshaking":{"contains":"time","values":{"min":0,"med":0,"p(90)":0,"p(95)":0,"p(99)":0,"max":0,"avg":0},"type":"trend"},"http_req_sending":{"contains":"time","values":{"p(90)":0.014291,"p(95)":0.023576699999999954,"p(99)":0.2939442500000008,"max":26.697738,"avg":0.02917662362523641,"min":0.002583,"med":0.00754},"type":"trend"},"http_reqs":{"values":{"count":207854,"rate":3463.3824809844627},"type":"counter","contains":"default"},"checks":{"contains":"default","values":{"rate":1,"passes":207854,"fails":0},"type":"rate"},"iteration_duration":{"type":"trend","contains":"time","values":{"max":166.709249,"avg":28.85031260801808,"min":5.309649,"med":14.341579,"p(90)":70.43146870000001,"p(95)":75.16593054999998,"p(99)":85.30338104}},"data_received":{"type":"counter","contains":"data","values":{"rate":1456717.1269680937,"count":87424500}}},"root_group":{"name":"","path":"","id":"d41d8cd98f00b204e9800998ecf8427e","groups":[],"checks":[{"passes":207854,"fails":0,"name":"status < 500","path":"::status < 500","id":"742a39bb408e90b9d42e838ebcdbe518"}]},"options":{"summaryTrendStats":["avg","min","med","p(90)","p(95)","p(99)","max"],"summaryTimeUnit":"","noColor":false}}