{"root_group":{"id":"d41d8cd98f00b204e9800998ecf8427e","groups":[],"checks":[{"name":"status < 500","path":"::status < 500","id":"742a39bb408e90b9d42e838ebcdbe518","passes":470959,"fails":0}],"name":"","path":""},"options":{"summaryTimeUnit":"","noColor":false,"summaryTrendStats":["avg","min","med","p(90)","p(95)","p(99)","max"]},"state":{"isStdOutTTY":false,"isStdErrTTY":false,"testRunDurationMs":60008.773138},"metrics":{"http_req_blocked":{"type":"trend","contains":"time","values":{"p(95)":0.008057099999999977,"p(99)":0.234771,"max":95.15119,"avg":0.041966595450984655,"min":0.000818,"med":0.002609,"p(90)":0.004339}},"http_req_tls_handshaking":{"type":"trend","contains":"time","values":{"p(99)":0,"max":0,"avg":0,"min":0,"med":0,"p(90)":0,"p(95)":0}},"http_req_failed":{"type":"rate","contains":"default","values":{"rate":0,"passes":0,"fails":470959}},"http_req_waiting":{"type":"trend","contains":"time","values":{"min":5.187369,"med":9.852362,"p(90)":21.903895000000002,"p(95)":26.846011599999972,"p(99)":37.603063139999975,"max":127.83154,"avg":12.29602016061917}},"http_req_connecting":{"type":"trend","contains":"time","values":{"avg":0.03461744992451577,"min":0,"med":0,"p(90)":0,"p(95)":0,"p(99)":0.05431799999999837,"max":95.094391}},"http_req_receiving":{"type":"trend","contains":"time","values":{"avg":0.0942026820062908,"min":0.006795,"med":0.019989,"p(90)":0.0651442,"p(95)":0.15949949999999988,"p(99)":1.4445940599999951,"max":82.572937}},"vus":{"values":{"value":100,"min":100,"max":100},"type":"gauge","contains":"default"},"data_received":{"type":"counter","contains":"data","values":{"count":206231577,"rate":3436690.4406750114}},"vus_max":{"type":"gauge","contains":"default","values":{"value":100,"min":100,"max":100}},"http_req_duration{expected_response:true}":{"type":"trend","contains":"time","values":{"p(99)":38.20767051999999,"max":129.640623,"avg":12.453740904125375,"min":5.211432,"med":9.977592,"p(90)":22.2013,"p(95)":27.1807849}},"checks":{"type":"rate","contains":"default","values":{"rate":1,"passes":470959,"fails":0}},"iteration_duration":{"type":"trend","contains":"time","values":{"p(95)":27.67484309999999,"p(99)":39.22705591999998,"max":295.50694,"avg":12.716057983197667,"min":5.269554,"med":10.186406,"p(90)":22.5918302}},"iterations":{"type":"counter","contains":"default","values":{"count":470959,"rate":7848.169115488375}},"http_reqs":{"contains":"default","values":{"count":470959,"rate":7848.169115488375},"type":"counter"},"http_req_duration":{"type":"trend","contains":"time","values":{"min":5.211432,"med":9.977592,"p(90)":22.2013,"p(95)":27.1807849,"p(99)":38.20767051999999,"max":129.640623,"avg":12.453740904125375}},"server_errors":{"type":"rate","contains":"default","values":{"rate":0,"passes":0,"fails":470959}},"data_sent":{"type":"counter","contains":"data","values":{"count":60303459,"rate":1004910.7129939537}},"http_req_sending":{"values":{"min":0.002419,"med":0.008027,"p(90)":0.017711,"p(95)":0.03841059999999986,"p(99)":0.679844219999992,"max":68.616107,"avg":0.06351806150004578},"type":"trend","contains":"time"}}}