{"metrics":{"http_req_failed":{"contains":"default","values":{"rate":0,"passes":0,"fails":165165},"type":"rate"},"iterations":{"type":"counter","contains":"default","values":{"count":165165,"rate":2752.3947510242606}},"data_sent":{"contains":"data","values":{"count":21163702,"rate":352682.8462267529},"type":"counter"},"http_req_connecting":{"type":"trend","contains":"time","values":{"p(90)":0,"p(95)":0,"p(99)":0.055132719999999975,"max":32.97094,"avg":0.00988385764538492,"min":0,"med":0}},"http_req_tls_handshaking":{"contains":"time","values":{"avg":0,"min":0,"med":0,"p(90)":0,"p(95)":0,"p(99)":0,"max":0},"type":"trend"},"http_req_duration{expected_response:true}":{"contains":"time","values":{"p(90)":73.32153240000001,"p(95)":80.15709059999996,"p(99)":284.44020395999985,"max":445.168021,"avg":36.117369725201534,"min":5.275288,"med":14.698178},"type":"trend"},"http_req_waiting":{"type":"trend","contains":"time","values":{"med":14.607145,"p(90)":73.2215646,"p(95)":80.02449519999999,"p(99)":284.30729487999963,"max":445.121546,"avg":36.02995849899792,"min":5.244824}},"server_errors":{"type":"rate","contains":"default","values":{"rate":0,"passes":0,"fails":165165}},"http_req_sending":{"contains":"time","values":{"med":0.007586,"p(90)":0.013978,"p(95)":0.022853799999999987,"p(99)":0.2960209599999974,"max":24.384984,"avg":0.028540049102412333,"min":0.002436},"type":"trend"},"http_req_duration":{"type":"trend","contains":"time","values":{"p(95)":80.15709059999996,"p(99)":284.44020395999985,"max":445.168021,"avg":36.117369725201534,"min":5.275288,"med":14.698178,"p(90)":73.32153240000001}},"http_req_blocked":{"type":"trend","contains":"time","values":{"p(90)":0.003528,"p(95)":0.004361,"p(99)":0.11911619999999973,"max":33.016507,"avg":0.015685837750128488,"min":0.000828,"med":0.002404}},"data_received":{"type":"counter","contains":"data","values":{"count":69084721,"rate":1151263.4241902067}},"checks":{"type":"rate","contains":"default","values":{"fails":0,"rate":1,"passes":165165}},"http_reqs":{"values":{"rate":2752.3947510242606,"count":165165},"type":"counter","contains":"default"},"iteration_duration":{"type":"trend","contains":"time","values":{"p(90)":73.5222564,"p(95)":80.37876899999999,"p(99)":284.62350531999977,"max":445.302874,"avg":36.3065875573939,"min":5.354237,"med":14.898103}},"vus":{"type":"gauge","contains":"default","values":{"max":100,"value":100,"min":100}},"vus_max":{"type":"gauge","contains":"default","values":{"value":100,"min":100,"max":100}},"http_req_receiving":{"type":"trend","contains":"time","values":{"avg":0.05887117710168658,"min":0.00707,"med":0.01842,"p(90)":0.039425600000000005,"p(95)":0.08347119999999995,"p(99)":0.8287232399999883,"max":29.797074}}},"root_group":{"path":"","id":"d41d8cd98f00b204e9800998ecf8427e","groups":[],"checks":[{"fails":0,"name":"status < 500","path":"::status < 500","id":"742a39bb408e90b9d42e838ebcdbe518","passes":165165}],"name":""},"options":{"summaryTrendStats":["avg","min","med","p(90)","p(95)","p(99)","max"],"summaryTimeUnit":"","noColor":false},"state":{"isStdErrTTY":false,"testRunDurationMs":60007.744143,"isStdOutTTY":false}}