{"options":{"summaryTrendStats":["avg","min","med","p(90)","p(95)","p(99)","max"],"summaryTimeUnit":"","noColor":false},"state":{"isStdOutTTY":false,"isStdErrTTY":false,"testRunDurationMs":30092.429539},"metrics":{"data_sent":{"type":"counter","contains":"data","values":{"count":5284153,"rate":175597.42037949114}},"iterations":{"contains":"default","values":{"count":41253,"rate":1370.8763510282818},"type":"counter"},"http_req_connecting":{"type":"trend","contains":"time","values":{"avg":0.014286648049838827,"min":0,"med":0,"p(90)":0,"p(95)":0,"p(99)":0.0690942000000002,"max":21.500576}},"http_req_sending":{"type":"trend","contains":"time","values":{"avg":0.030295670302765802,"min":0.002772,"med":0.008149,"p(90)":0.01686,"p(95)":0.02453980000000001,"p(99)":0.23479056000001494,"max":17.703411}},"iteration_duration":{"type":"trend","contains":"time","values":{"p(90)":178.40599440000005,"p(95)":216.39443880000005,"p(99)":342.73829908000044,"max":1110.10279,"avg":72.87672773943794,"min":5.639151,"med":71.134602}},"vus":{"contains":"default","values":{"value":100,"min":100,"max":100},"type":"gauge"},"http_req_receiving":{"type":"trend","contains":"time","values":{"avg":0.05443545153079772,"min":0.008649,"med":0.022066,"p(90)":0.04368540000000001,"p(95)":0.07679280000000022,"p(99)":0.5171692400000149,"max":21.70164}},"http_req_tls_handshaking":{"type":"trend","contains":"time","values":{"p(99)":0,"max":0,"avg":0,"min":0,"med":0,"p(90)":0,"p(95)":0}},"http_req_failed":{"type":"rate","contains":"default","values":{"rate":0,"passes":0,"fails":41253}},"http_req_blocked":{"type":"trend","contains":"time","values":{"med":0.002561,"p(90)":0.0035468000000000027,"p(95)":0.004379800000000003,"p(99)":0.13270528000000292,"max":21.85707,"avg":0.020484156618912522,"min":0.000935}},"vus_max":{"contains":"default","values":{"value":100,"min":100,"max":100},"type":"gauge"},"data_received":{"type":"counter","contains":"data","values":{"rate":562294.8116592083,"count":16920817}},"http_req_duration{expected_response:true}":{"type":"trend","contains":"time","values":{"avg":72.69394298710401,"min":5.543341,"med":70.955425,"p(90)":178.24264540000001,"p(95)":216.3052026,"p(99)":342.6153765600005,"max":1109.976848}},"http_req_waiting":{"type":"trend","contains":"time","values":{"min":5.491243,"med":70.896876,"p(90)":178.1892348,"p(95)":216.23547160000004,"p(99)":342.5885686000006,"max":1109.933445,"avg":72.60921186527051}},"http_req_duration":{"values":{"avg":72.69394298710401,"min":5.543341,"med":70.955425,"p(90)":178.24264540000001,"p(95)":216.3052026,"p(99)":342.6153765600005,"max":1109.976848},"type":"trend","contains":"time"},"checks":{"type":"rate","contains":"default","values":{"rate":1,"passes":41253,"fails":0}},"http_reqs":{"type":"counter","contains":"default","values":{"count":41253,"rate":1370.8763510282818}},"server_errors":{"type":"rate","contains":"default","values":{"rate":0,"passes":0,"fails":41253}}},"root_group":{"id":"d41d8cd98f00b204e9800998ecf8427e","groups":[],"checks":[{"name":"status < 500","path":"::status < 500","id":"742a39bb408e90b9d42e838ebcdbe518","passes":41253,"fails":0}],"name":"","path":""}}