{"metrics":{"http_req_duration":{"values":{"avg":38.20385107823353,"min":5.276028,"med":15.564491,"p(90)":75.3212916,"p(95)":82.74553650000001,"p(99)":285.73462109999997,"max":491.987637},"type":"trend","contains":"time"},"http_req_connecting":{"type":"trend","contains":"time","values":{"p(99)":0.05285543999999971,"max":28.828607,"avg":0.007045427742113051,"min":0,"med":0,"p(90)":0,"p(95)":0}},"http_req_receiving":{"values":{"avg":0.05711350956547321,"min":0.007609,"med":0.018716,"p(90)":0.03863220000000001,"p(95)":0.07241630000000002,"p(99)":0.7119751399999967,"max":54.96213},"type":"trend","contains":"time"},"http_req_sending":{"type":"trend","contains":"time","values":{"avg":0.027531243908370667,"min":0.002754,"med":0.007644,"p(90)":0.014139200000000011,"p(95)":0.022487100000000006,"p(99)":0.2713501799999989,"max":27.401113}},"server_errors":{"type":"rate","contains":"default","values":{"rate":0,"passes":0,"fails":156239}},"http_reqs":{"type":"counter","contains":"default","values":{"count":156239,"rate":2603.0995398238206}},"http_req_waiting":{"contains":"time","values":{"max":491.952085,"avg":38.11920632475905,"min":5.250676,"med":15.478998,"p(90)":75.2215916,"p(95)":82.60602180000001,"p(99)":285.67874476},"type":"trend"},"vus_max":{"values":{"max":100,"value":100,"min":100},"type":"gauge","contains":"default"},"iterations":{"contains":"default","values":{"count":156239,"rate":2603.0995398238206},"type":"counter"},"data_sent":{"type":"counter","contains":"data","values":{"count":20028933,"rate":333702.25280155486}},"vus":{"type":"gauge","contains":"default","values":{"min":100,"max":100,"value":100}},"checks":{"contains":"default","values":{"rate":1,"passes":156239,"fails":0},"type":"rate"},"http_req_duration{expected_response:true}":{"type":"trend","contains":"time","values":{"med":15.564491,"p(90)":75.3212916,"p(95)":82.74553650000001,"p(99)":285.73462109999997,"max":491.987637,"avg":38.20385107823353,"min":5.276028}},"http_req_tls_handshaking":{"type":"trend","contains":"time","values":{"p(99)":0,"max":0,"avg":0,"min":0,"med":0,"p(90)":0,"p(95)":0}},"iteration_duration":{"type":"trend","contains":"time","values":{"med":15.751673,"p(90)":75.51162280000001,"p(95)":83.00192500000001,"p(99)":285.87975227999993,"max":492.708038,"avg":38.38909218972277,"min":5.355479}},"data_received":{"contains":"data","values":{"count":65313670,"rate":1088191.708351979},"type":"counter"},"http_req_failed":{"values":{"rate":0,"passes":0,"fails":156239},"type":"rate","contains":"default"},"http_req_blocked":{"values":{"p(90)":0.003505,"p(95)":0.004311,"p(99)":0.11433251999999978,"max":28.872434,"avg":0.01334424694218437,"min":0.000846,"med":0.002422},"type":"trend","contains":"time"}},"root_group":{"name":"","path":"","id":"d41d8cd98f00b204e9800998ecf8427e","groups":[],"checks":[{"id":"742a39bb408e90b9d42e838ebcdbe518","passes":156239,"fails":0,"name":"status < 500","path":"::status < 500"}]},"options":{"summaryTrendStats":["avg","min","med","p(90)","p(95)","p(99)","max"],"summaryTimeUnit":"","noColor":false},"state":{"isStdOutTTY":false,"isStdErrTTY":false,"testRunDurationMs":60020.37095}}