{"root_group":{"id":"d41d8cd98f00b204e9800998ecf8427e","groups":[],"checks":[{"path":"::status < 500","id":"742a39bb408e90b9d42e838ebcdbe518","passes":41246,"fails":0,"name":"status < 500"}],"name":"","path":""},"options":{"summaryTrendStats":["avg","min","med","p(90)","p(95)","p(99)","max"],"summaryTimeUnit":"","noColor":false},"state":{"isStdOutTTY":false,"isStdErrTTY":false,"testRunDurationMs":30074.876523},"metrics":{"http_req_failed":{"values":{"rate":0,"passes":0,"fails":41246},"type":"rate","contains":"default"},"http_req_tls_handshaking":{"type":"trend","contains":"time","values":{"p(99)":0,"max":0,"avg":0,"min":0,"med":0,"p(90)":0,"p(95)":0}},"data_sent":{"type":"counter","contains":"data","values":{"count":5288797,"rate":175854.32132881245}},"http_req_sending":{"type":"trend","contains":"time","values":{"avg":0.025225376836541604,"min":0.002724,"med":0.008359,"p(90)":0.017276,"p(95)":0.02457175,"p(99)":0.22854320000000036,"max":15.89236}},"data_received":{"values":{"count":16907487,"rate":562179.7644645312},"type":"counter","contains":"data"},"http_req_receiving":{"type":"trend","contains":"time","values":{"avg":0.054060443606652894,"min":0.007267,"med":0.0228955,"p(90)":0.043360499999999996,"p(95)":0.06573425000000001,"p(99)":0.4964794500000034,"max":27.249586}},"http_req_duration{expected_response:true}":{"type":"trend","contains":"time","values":{"avg":72.66516125195157,"min":5.533425,"med":72.853208,"p(90)":125.7127595,"p(95)":206.06467675,"p(99)":319.03159805000024,"max":1262.094001}},"http_req_blocked":{"type":"trend","contains":"time","values":{"p(99)":0.12926325000000055,"max":25.035382,"avg":0.01651864495951123,"min":0.000866,"med":0.002644,"p(90)":0.003668,"p(95)":0.0045007499999999995}},"iterations":{"type":"counter","contains":"default","values":{"count":41246,"rate":1371.443702136459}},"checks":{"type":"rate","contains":"default","values":{"fails":0,"rate":1,"passes":41246}},"iteration_duration":{"type":"trend","contains":"time","values":{"p(95)":206.220674,"p(99)":319.11150120000036,"max":1264.394165,"avg":72.84120174882416,"min":5.617666,"med":73.02746,"p(90)":125.842942}},"http_req_duration":{"type":"trend","contains":"time","values":{"p(90)":125.7127595,"p(95)":206.06467675,"p(99)":319.03159805000024,"max":1262.094001,"avg":72.66516125195157,"min":5.533425,"med":72.853208}},"http_req_connecting":{"type":"trend","contains":"time","values":{"min":0,"med":0,"p(90)":0,"p(95)":0,"p(99)":0.07238350000000096,"max":20.161235,"avg":0.009877156548513788}},"server_errors":{"type":"rate","contains":"default","values":{"rate":0,"passes":0,"fails":41246}},"http_reqs":{"type":"counter","contains":"default","values":{"count":41246,"rate":1371.443702136459}},"vus_max":{"type":"gauge","contains":"default","values":{"value":100,"min":100,"max":100}},"vus":{"type":"gauge","contains":"default","values":{"max":100,"value":100,"min":100}},"http_req_waiting":{"type":"trend","contains":"time","values":{"max":1261.595186,"avg":72.58587543150834,"min":5.474636,"med":72.7975115,"p(90)":125.648487,"p(95)":205.99077675,"p(99)":318.9367005000002}}}}