{"options":{"summaryTrendStats":["avg","min","med","p(90)","p(95)","p(99)","max"],"summaryTimeUnit":"","noColor":false},"state":{"isStdOutTTY":false,"isStdErrTTY":false,"testRunDurationMs":60015.2026},"metrics":{"data_sent":{"type":"counter","contains":"data","values":{"count":25724152,"rate":428627.26251964696}},"http_req_duration{expected_response:true}":{"type":"trend","contains":"time","values":{"max":190.336531,"avg":29.677468652053363,"min":5.2669,"med":14.707775,"p(90)":71.119906,"p(95)":75.8907535,"p(99)":86.63374325}},"http_req_tls_handshaking":{"type":"trend","contains":"time","values":{"min":0,"med":0,"p(90)":0,"p(95)":0,"p(99)":0,"max":0,"avg":0}},"iteration_duration":{"values":{"avg":29.871634713021578,"min":5.365181,"med":14.9179495,"p(90)":71.32401899999999,"p(95)":76.11621475,"p(99)":86.9916415,"max":190.502762},"type":"trend","contains":"time"},"checks":{"type":"rate","contains":"default","values":{"rate":1,"passes":200726,"fails":0}},"http_req_receiving":{"type":"trend","contains":"time","values":{"avg":0.06366823763239371,"min":0.007007,"med":0.018523,"p(90)":0.0399345,"p(95)":0.09010725,"p(99)":0.91734575,"max":43.80064}},"server_errors":{"type":"rate","contains":"default","values":{"rate":0,"passes":0,"fails":200726}},"vus":{"type":"gauge","contains":"default","values":{"value":100,"min":100,"max":100}},"http_req_duration":{"contains":"time","values":{"avg":29.677468652053363,"min":5.2669,"med":14.707775,"p(90)":71.119906,"p(95)":75.8907535,"p(99)":86.63374325,"max":190.336531},"type":"trend"},"http_req_waiting":{"values":{"p(95)":75.76752125,"p(99)":86.44739175000001,"max":190.251263,"avg":29.583665980022438,"min":5.247734,"med":14.617108,"p(90)":71.0258015},"type":"trend","contains":"time"},"vus_max":{"type":"gauge","contains":"default","values":{"value":100,"min":100,"max":100}},"http_req_blocked":{"contains":"time","values":{"avg":0.019237415920209604,"min":0.000851,"med":0.0024,"p(90)":0.003576,"p(95)":0.004537,"p(99)":0.1309305,"max":31.831777},"type":"trend"},"http_req_sending":{"type":"trend","contains":"time","values":{"min":0.002472,"med":0.007623,"p(90)":0.014214,"p(95)":0.02299575,"p(99)":0.303056,"max":39.126736,"avg":0.030134434398135023}},"http_req_failed":{"type":"rate","contains":"default","values":{"fails":200726,"rate":0,"passes":0}},"iterations":{"type":"counter","contains":"default","values":{"count":200726,"rate":3344.5858933083064}},"http_req_connecting":{"type":"trend","contains":"time","values":{"p(95)":0,"p(99)":0.056596,"max":31.649019,"avg":0.013227908880762838,"min":0,"med":0,"p(90)":0}},"data_received":{"contains":"data","values":{"count":84222310,"rate":1403349.590625226},"type":"counter"},"http_reqs":{"type":"counter","contains":"default","values":{"count":200726,"rate":3344.5858933083064}}},"root_group":{"name":"","path":"","id":"d41d8cd98f00b204e9800998ecf8427e","groups":[],"checks":[{"passes":200726,"fails":0,"name":"status < 500","path":"::status < 500","id":"742a39bb408e90b9d42e838ebcdbe518"}]}}