{"root_group":{"name":"","path":"","id":"d41d8cd98f00b204e9800998ecf8427e","groups":[],"checks":[{"passes":44187,"fails":0,"name":"status < 500","path":"::status < 500","id":"742a39bb408e90b9d42e838ebcdbe518"}]},"options":{"summaryTrendStats":["avg","min","med","p(90)","p(95)","p(99)","max"],"summaryTimeUnit":"","noColor":false},"state":{"isStdOutTTY":false,"isStdErrTTY":false,"testRunDurationMs":30032.119044},"metrics":{"http_req_duration{expected_response:true}":{"type":"trend","contains":"time","values":{"p(99)":301.93703433999997,"max":1028.933259,"avg":67.7369190122882,"min":5.508616,"med":71.970154,"p(90)":114.6096334,"p(95)":189.89920759999998}},"iteration_duration":{"type":"trend","contains":"time","values":{"med":72.155425,"p(90)":114.75083920000002,"p(95)":190.12620019999972,"p(99)":302.12791536,"max":1029.158827,"avg":67.91969095021199,"min":5.594792}},"http_req_duration":{"type":"trend","contains":"time","values":{"avg":67.7369190122882,"min":5.508616,"med":71.970154,"p(90)":114.6096334,"p(95)":189.89920759999998,"p(99)":301.93703433999997,"max":1028.933259}},"http_req_tls_handshaking":{"type":"trend","contains":"time","values":{"avg":0,"min":0,"med":0,"p(90)":0,"p(95)":0,"p(99)":0,"max":0}},"http_req_waiting":{"type":"trend","contains":"time","values":{"p(95)":189.84918689999998,"p(99)":301.89587919999997,"max":1028.855645,"avg":67.656090332089,"min":5.479663,"med":71.909929,"p(90)":114.48809680000001}},"checks":{"type":"rate","contains":"default","values":{"rate":1,"passes":44187,"fails":0}},"vus":{"type":"gauge","contains":"default","values":{"value":100,"min":100,"max":100}},"http_req_connecting":{"contains":"time","values":{"p(90)":0,"p(95)":0,"p(99)":0.06873712,"max":26.186407,"avg":0.011424985108742375,"min":0,"med":0},"type":"trend"},"http_req_sending":{"type":"trend","contains":"time","values":{"avg":0.023732491139927828,"min":0.002801,"med":0.008227,"p(90)":0.016956,"p(95)":0.022923199999999984,"p(99)":0.2219180799999997,"max":22.463105}},"data_sent":{"values":{"rate":188212.12688051304,"count":5652409},"type":"counter","contains":"data"},"http_reqs":{"type":"counter","contains":"default","values":{"count":44187,"rate":1471.324748522131}},"http_req_failed":{"type":"rate","contains":"default","values":{"fails":44187,"rate":0,"passes":0}},"server_errors":{"type":"rate","contains":"default","values":{"rate":0,"passes":0,"fails":44187}},"vus_max":{"type":"gauge","contains":"default","values":{"max":100,"value":100,"min":100}},"data_received":{"type":"counter","contains":"data","values":{"count":18115265,"rate":603196.3636485111}},"http_req_blocked":{"type":"trend","contains":"time","values":{"p(90)":0.003552,"p(95)":0.004339,"p(99)":0.12491801999999966,"max":26.24882,"avg":0.017870674451761808,"min":0.000857,"med":0.002576}},"http_req_receiving":{"type":"trend","contains":"time","values":{"max":24.308526,"avg":0.0570961890601309,"min":0.007552,"med":0.022282,"p(90)":0.04221180000000001,"p(95)":0.06314639999999977,"p(99)":0.5168386599999993}},"iterations":{"contains":"default","values":{"count":44187,"rate":1471.324748522131},"type":"counter"}}}