{"state":{"isStdErrTTY":false,"testRunDurationMs":60007.100447,"isStdOutTTY":false},"metrics":{"iterations":{"contains":"default","values":{"count":472380,"rate":7872.068413257522},"type":"counter"},"vus":{"type":"gauge","contains":"default","values":{"value":100,"min":100,"max":100}},"vus_max":{"type":"gauge","contains":"default","values":{"value":100,"min":100,"max":100}},"http_reqs":{"type":"counter","contains":"default","values":{"count":472380,"rate":7872.068413257522}},"http_req_blocked":{"type":"trend","contains":"time","values":{"p(95)":0.007759,"p(99)":0.2267381900000008,"max":72.422556,"avg":0.03987440854396863,"min":0.000859,"med":0.002556,"p(90)":0.004158}},"http_req_receiving":{"type":"trend","contains":"time","values":{"min":0.006574,"med":0.019399,"p(90)":0.063074,"p(95)":0.15400074999999983,"p(99)":1.3036034300000228,"max":87.965077,"avg":0.0912645970087666}},"data_received":{"type":"counter","contains":"data","values":{"count":206828067,"rate":3446726.561678755}},"server_errors":{"type":"rate","contains":"default","values":{"rate":0,"passes":0,"fails":472380}},"http_req_sending":{"type":"trend","contains":"time","values":{"avg":0.06109557225750405,"min":0.002331,"med":0.007911,"p(90)":0.017448,"p(95)":0.03624309999999997,"p(99)":0.6224006800000002,"max":97.984694}},"http_req_tls_handshaking":{"values":{"p(95)":0,"p(99)":0,"max":0,"avg":0,"min":0,"med":0,"p(90)":0},"type":"trend","contains":"time"},"http_req_waiting":{"contains":"time","values":{"max":195.472951,"avg":12.243639247050925,"min":5.201264,"med":9.814107499999999,"p(90)":21.36972960000001,"p(95)":27.02120685,"p(99)":39.387980820000045},"type":"trend"},"http_req_failed":{"type":"rate","contains":"default","values":{"rate":0,"passes":0,"fails":472380}},"http_req_duration":{"type":"trend","contains":"time","values":{"avg":12.395999416317434,"min":5.221997,"med":9.932596,"p(90)":21.650197200000008,"p(95)":27.37747985,"p(99)":39.901109890000136,"max":195.500271}},"data_sent":{"type":"counter","contains":"data","values":{"count":60508174,"rate":1008350.2377096617}},"http_req_connecting":{"type":"trend","contains":"time","values":{"max":44.409688,"avg":0.03238574234726274,"min":0,"med":0,"p(90)":0,"p(95)":0,"p(99)":0.055075320000001926}},"iteration_duration":{"contains":"time","values":{"min":5.297608,"med":10.1542755,"p(90)":22.098381600000014,"p(95)":27.978383099999995,"p(99)":40.93800768000011,"max":195.864543,"avg":12.681226421315632},"type":"trend"},"http_req_duration{expected_response:true}":{"type":"trend","contains":"time","values":{"p(90)":21.650197200000008,"p(95)":27.37747985,"p(99)":39.901109890000136,"max":195.500271,"avg":12.395999416317434,"min":5.221997,"med":9.932596}},"checks":{"values":{"fails":0,"rate":1,"passes":472380},"type":"rate","contains":"default"}},"root_group":{"path":"","id":"d41d8cd98f00b204e9800998ecf8427e","groups":[],"checks":[{"path":"::status < 500","id":"742a39bb408e90b9d42e838ebcdbe518","passes":472380,"fails":0,"name":"status < 500"}],"name":""},"options":{"summaryTrendStats":["avg","min","med","p(90)","p(95)","p(99)","max"],"summaryTimeUnit":"","noColor":false}}