{"options":{"summaryTrendStats":["avg","min","med","p(90)","p(95)","p(99)","max"],"summaryTimeUnit":"","noColor":false},"state":{"isStdOutTTY":false,"isStdErrTTY":false,"testRunDurationMs":30022.296775},"metrics":{"server_errors":{"type":"rate","contains":"default","values":{"passes":0,"fails":115396,"rate":0}},"http_reqs":{"type":"counter","contains":"default","values":{"count":115396,"rate":3843.676613579142}},"vus":{"contains":"default","values":{"value":100,"min":100,"max":100},"type":"gauge"},"http_req_connecting":{"type":"trend","contains":"time","values":{"avg":0.022921200414225795,"min":0,"med":0,"p(90)":0,"p(95)":0,"p(99)":0.05927810000000007,"max":47.709446}},"http_req_waiting":{"values":{"p(90)":47.0480005,"p(95)":68.041427,"p(99)":108.72401910000005,"max":653.203498,"avg":25.511345771742487,"min":5.328559,"med":18.052968},"type":"trend","contains":"time"},"iteration_duration":{"contains":"time","values":{"avg":25.9285226130195,"min":5.43461,"med":18.4303865,"p(90)":47.7187785,"p(95)":68.68372124999999,"p(99)":110.20113135000011,"max":655.190787},"type":"trend"},"vus_max":{"type":"gauge","contains":"default","values":{"value":100,"min":100,"max":100}},"data_sent":{"type":"counter","contains":"data","values":{"count":14788127,"rate":492571.47482181597}},"http_req_sending":{"values":{"min":0.002719,"med":0.008288,"p(90)":0.015885,"p(95)":0.02292225,"p(99)":0.32342955000000256,"max":129.610676,"avg":0.040855548987833175},"type":"trend","contains":"time"},"http_req_failed":{"contains":"default","values":{"rate":0,"passes":0,"fails":115396},"type":"rate"},"http_req_duration{expected_response:true}":{"type":"trend","contains":"time","values":{"p(90)":47.227526999999995,"p(95)":68.234375,"p(99)":108.91634800000003,"max":653.690889,"avg":25.634213326302223,"min":5.356033,"med":18.170909}},"http_req_blocked":{"type":"trend","contains":"time","values":{"p(99)":0.12690805000000033,"max":73.086622,"avg":0.03013493361988302,"min":0.000843,"med":0.002635,"p(90)":0.003987,"p(95)":0.00588225}},"iterations":{"type":"counter","contains":"default","values":{"count":115396,"rate":3843.676613579142}},"http_req_tls_handshaking":{"type":"trend","contains":"time","values":{"med":0,"p(90)":0,"p(95)":0,"p(99)":0,"max":0,"avg":0,"min":0}},"http_req_duration":{"type":"trend","contains":"time","values":{"avg":25.634213326302223,"min":5.356033,"med":18.170909,"p(90)":47.227526999999995,"p(95)":68.234375,"p(99)":108.91634800000003,"max":653.690889}},"data_received":{"values":{"count":47375191,"rate":1578000.2228027405},"type":"counter","contains":"data"},"checks":{"type":"rate","contains":"default","values":{"rate":1,"passes":115396,"fails":0}},"http_req_receiving":{"type":"trend","contains":"time","values":{"avg":0.08201200557211714,"min":0.007376,"med":0.0215475,"p(90)":0.04136,"p(95)":0.0738715,"p(99)":0.9752649000000051,"max":74.734868}}},"root_group":{"name":"","path":"","id":"d41d8cd98f00b204e9800998ecf8427e","groups":[],"checks":[{"path":"::status < 500","id":"742a39bb408e90b9d42e838ebcdbe518","passes":115396,"fails":0,"name":"status < 500"}]}}