{"metrics":{"http_req_waiting":{"contains":"time","values":{"med":17.311931,"p(90)":78.7628272,"p(95)":84.81097339999998,"p(99)":101.48726235999997,"max":210.36034,"avg":36.46657736457571,"min":5.32117},"type":"trend"},"checks":{"type":"rate","contains":"default","values":{"rate":1,"passes":163217,"fails":0}},"http_req_tls_handshaking":{"contains":"time","values":{"max":0,"avg":0,"min":0,"med":0,"p(90)":0,"p(95)":0,"p(99)":0},"type":"trend"},"vus":{"type":"gauge","contains":"default","values":{"max":100,"value":100,"min":100}},"http_req_connecting":{"contains":"time","values":{"max":28.171057,"avg":0.014270124018944093,"min":0,"med":0,"p(90)":0,"p(95)":0,"p(99)":0.05879299999999965},"type":"trend"},"http_req_duration{expected_response:true}":{"contains":"time","values":{"med":17.417912,"p(90)":78.8892106,"p(95)":84.97526779999998,"p(99)":101.72767972,"max":210.380904,"avg":36.55821580503822,"min":5.346578},"type":"trend"},"data_received":{"type":"counter","contains":"data","values":{"count":68470865,"rate":1140676.064252922}},"http_reqs":{"type":"counter","contains":"default","values":{"count":163217,"rate":2719.0794972309636}},"http_req_blocked":{"type":"trend","contains":"time","values":{"p(99)":0.12408647999999993,"max":37.304869,"avg":0.02031437560425667,"min":0.000829,"med":0.00246,"p(90)":0.00351,"p(95)":0.004345}},"http_req_failed":{"contains":"default","values":{"passes":0,"fails":163217,"rate":0},"type":"rate"},"server_errors":{"type":"rate","contains":"default","values":{"rate":0,"passes":0,"fails":163217}},"iterations":{"type":"counter","contains":"default","values":{"count":163217,"rate":2719.0794972309636}},"data_sent":{"type":"counter","contains":"data","values":{"count":20898659,"rate":348156.84154543554}},"vus_max":{"type":"gauge","contains":"default","values":{"value":100,"min":100,"max":100}},"http_req_duration":{"contains":"time","values":{"p(90)":78.8892106,"p(95)":84.97526779999998,"p(99)":101.72767972,"max":210.380904,"avg":36.55821580503822,"min":5.346578,"med":17.417912},"type":"trend"},"iteration_duration":{"type":"trend","contains":"time","values":{"max":210.447569,"avg":36.75035186463403,"min":5.430132,"med":17.61258,"p(90)":79.1065452,"p(95)":85.2673638,"p(99)":101.92701879999997}},"http_req_receiving":{"type":"trend","contains":"time","values":{"avg":0.06176671400037951,"min":0.007529,"med":0.019225,"p(90)":0.039149399999999994,"p(95)":0.06971259999999976,"p(99)":0.7573229999999995,"max":29.424643}},"http_req_sending":{"type":"trend","contains":"time","values":{"avg":0.029871726462317293,"min":0.002704,"med":0.007783,"p(90)":0.014678,"p(95)":0.02243659999999995,"p(99)":0.2895576399999993,"max":25.395026}}},"root_group":{"id":"d41d8cd98f00b204e9800998ecf8427e","groups":[],"checks":[{"fails":0,"name":"status < 500","path":"::status < 500","id":"742a39bb408e90b9d42e838ebcdbe518","passes":163217}],"name":"","path":""},"options":{"summaryTrendStats":["avg","min","med","p(90)","p(95)","p(99)","max"],"summaryTimeUnit":"","noColor":false},"state":{"isStdOutTTY":false,"isStdErrTTY":false,"testRunDurationMs":60026.564198}}