{"metrics":{"http_req_blocked":{"type":"trend","contains":"time","values":{"med":0.002606,"p(90)":0.003605,"p(95)":0.0044436999999999975,"p(99)":0.13358980999999898,"max":29.502103,"avg":0.015146954622182393,"min":0.000959}},"data_sent":{"type":"counter","contains":"data","values":{"count":5183990,"rate":172496.4714357868}},"http_req_receiving":{"values":{"p(95)":0.06206009999999993,"p(99)":0.5304521399999982,"max":33.524782,"avg":0.06017819811835961,"min":0.008147,"med":0.0222405,"p(90)":0.04277120000000002},"type":"trend","contains":"time"},"iterations":{"type":"counter","contains":"default","values":{"count":40284,"rate":1340.4439158484558}},"checks":{"type":"rate","contains":"default","values":{"rate":1,"passes":40284,"fails":0}},"vus":{"contains":"default","values":{"value":100,"min":100,"max":100},"type":"gauge"},"http_reqs":{"type":"counter","contains":"default","values":{"count":40284,"rate":1340.4439158484558}},"http_req_duration{expected_response:true}":{"type":"trend","contains":"time","values":{"med":77.2697055,"p(90)":125.75050540000048,"p(95)":197.74903774999999,"p(99)":311.10979878999973,"max":1055.669902,"avg":74.37951321735694,"min":5.637771}},"http_req_duration":{"values":{"med":77.2697055,"p(90)":125.75050540000048,"p(95)":197.74903774999999,"p(99)":311.10979878999973,"max":1055.669902,"avg":74.37951321735694,"min":5.637771},"type":"trend","contains":"time"},"http_req_waiting":{"contains":"time","values":{"p(95)":197.69906079999998,"p(99)":311.0647928299997,"max":1055.524389,"avg":74.29500061379305,"min":5.603168,"med":77.1906785,"p(90)":125.63569940000002},"type":"trend"},"http_req_sending":{"type":"trend","contains":"time","values":{"avg":0.02433440544633085,"min":0.002881,"med":0.00825,"p(90)":0.017016700000000006,"p(95)":0.02441979999999999,"p(99)":0.21558016999999896,"max":20.874435}},"http_req_tls_handshaking":{"type":"trend","contains":"time","values":{"avg":0,"min":0,"med":0,"p(90)":0,"p(95)":0,"p(99)":0,"max":0}},"server_errors":{"type":"rate","contains":"default","values":{"rate":0,"passes":0,"fails":40284}},"iteration_duration":{"type":"trend","contains":"time","values":{"max":1059.339314,"avg":74.55808827740539,"min":5.714141,"med":77.42905250000001,"p(90)":125.84213350000039,"p(95)":197.91422995,"p(99)":311.23405686999973}},"data_received":{"type":"counter","contains":"data","values":{"count":16462688,"rate":547793.4159495428}},"http_req_connecting":{"contains":"time","values":{"avg":0.007246712193426668,"min":0,"med":0,"p(90)":0,"p(95)":0,"p(99)":0.06839379999999994,"max":14.810002},"type":"trend"},"vus_max":{"values":{"value":100,"min":100,"max":100},"type":"gauge","contains":"default"},"http_req_failed":{"type":"rate","contains":"default","values":{"rate":0,"passes":0,"fails":40284}}},"root_group":{"name":"","path":"","id":"d41d8cd98f00b204e9800998ecf8427e","groups":[],"checks":[{"name":"status < 500","path":"::status < 500","id":"742a39bb408e90b9d42e838ebcdbe518","passes":40284,"fails":0}]},"options":{"summaryTrendStats":["avg","min","med","p(90)","p(95)","p(99)","max"],"summaryTimeUnit":"","noColor":false},"state":{"isStdOutTTY":false,"isStdErrTTY":false,"testRunDurationMs":30052.730684}}