{"root_group":{"name":"","path":"","id":"d41d8cd98f00b204e9800998ecf8427e","groups":[],"checks":[{"fails":0,"name":"status < 500","path":"::status < 500","id":"742a39bb408e90b9d42e838ebcdbe518","passes":161841}]},"options":{"summaryTrendStats":["avg","min","med","p(90)","p(95)","p(99)","max"],"summaryTimeUnit":"","noColor":false},"state":{"isStdOutTTY":false,"isStdErrTTY":false,"testRunDurationMs":60015.312614},"metrics":{"http_req_duration{expected_response:true}":{"contains":"time","values":{"avg":36.8685495707882,"min":5.334309,"med":17.598077,"p(90)":79.388611,"p(95)":85.323892,"p(99)":101.88496500000004,"max":206.607609},"type":"trend"},"http_req_blocked":{"type":"trend","contains":"time","values":{"max":23.619033,"avg":0.014015051748320814,"min":0.000857,"med":0.002436,"p(90)":0.003561,"p(95)":0.004385,"p(99)":0.1226040000000011}},"http_req_connecting":{"contains":"time","values":{"min":0,"med":0,"p(90)":0,"p(95)":0,"p(99)":0.05837580000000013,"max":22.20855,"avg":0.007750430280336874},"type":"trend"},"http_req_receiving":{"type":"trend","contains":"time","values":{"avg":0.061136461063636335,"min":0.007881,"med":0.018977,"p(90)":0.038987,"p(95)":0.073592,"p(99)":0.7555552000000092,"max":51.118014}},"data_received":{"values":{"rate":1125431.644993947,"count":67543132},"type":"counter","contains":"data"},"http_req_waiting":{"contains":"time","values":{"med":17.502501,"p(90)":79.274948,"p(95)":85.185869,"p(99)":101.61591720000003,"max":206.572034,"avg":36.77807064834693,"min":5.305871},"type":"trend"},"http_req_failed":{"type":"rate","contains":"default","values":{"fails":161841,"rate":0,"passes":0}},"http_req_tls_handshaking":{"type":"trend","contains":"time","values":{"avg":0,"min":0,"med":0,"p(90)":0,"p(95)":0,"p(99)":0,"max":0}},"vus":{"contains":"default","values":{"value":100,"min":100,"max":100},"type":"gauge"},"http_req_sending":{"type":"trend","contains":"time","values":{"max":23.510756,"avg":0.029342461378760877,"min":0.002728,"med":0.007734,"p(90)":0.014592,"p(95)":0.0226,"p(99)":0.2936862000000003}},"checks":{"values":{"rate":1,"passes":161841,"fails":0},"type":"rate","contains":"default"},"iteration_duration":{"values":{"max":207.162776,"avg":37.05872539069856,"min":5.403974,"med":17.804345,"p(90)":79.583713,"p(95)":85.562204,"p(99)":102.11591400000007},"type":"trend","contains":"time"},"http_req_duration":{"contains":"time","values":{"p(90)":79.388611,"p(95)":85.323892,"p(99)":101.88496500000004,"max":206.607609,"avg":36.8685495707882,"min":5.334309,"med":17.598077},"type":"trend"},"iterations":{"type":"counter","contains":"default","values":{"count":161841,"rate":2696.6617843168033}},"http_reqs":{"type":"counter","contains":"default","values":{"count":161841,"rate":2696.6617843168033}},"vus_max":{"type":"gauge","contains":"default","values":{"value":100,"min":100,"max":100}},"server_errors":{"type":"rate","contains":"default","values":{"rate":0,"passes":0,"fails":161841}},"data_sent":{"contains":"data","values":{"count":20752039,"rate":345779.0703094512},"type":"counter"}}}