{"metrics":{"data_received":{"type":"counter","contains":"data","values":{"rate":1685706.2408864587,"count":50585698}},"http_req_blocked":{"type":"trend","contains":"time","values":{"avg":0.02634372496386412,"min":0.000875,"med":0.00264,"p(90)":0.004055,"p(95)":0.006089,"p(99)":0.14566623999999925,"max":45.326019}},"http_req_receiving":{"type":"trend","contains":"time","values":{"avg":0.08244945321061901,"min":0.007639,"med":0.021189,"p(90)":0.04234700000000003,"p(95)":0.08453819999999995,"p(99)":1.057220639999996,"max":52.331478}},"http_req_failed":{"type":"rate","contains":"default","values":{"rate":0,"passes":0,"fails":122453}},"data_sent":{"contains":"data","values":{"count":15694629,"rate":523004.23043876153},"type":"counter"},"vus":{"contains":"default","values":{"max":100,"value":100,"min":100},"type":"gauge"},"server_errors":{"type":"rate","contains":"default","values":{"rate":0,"passes":0,"fails":122453}},"checks":{"type":"rate","contains":"default","values":{"rate":1,"passes":122453,"fails":0}},"http_reqs":{"type":"counter","contains":"default","values":{"count":122453,"rate":4080.595790440008}},"http_req_connecting":{"type":"trend","contains":"time","values":{"avg":0.0197386577054053,"min":0,"med":0,"p(90)":0,"p(95)":0,"p(99)":0.06434371999999933,"max":45.292098}},"http_req_duration":{"type":"trend","contains":"time","values":{"avg":24.22625748826112,"min":5.40697,"med":17.47465,"p(90)":44.61117560000001,"p(95)":61.668551399999984,"p(99)":106.12924711999995,"max":940.42185}},"iteration_duration":{"type":"trend","contains":"time","values":{"p(90)":44.92272840000001,"p(95)":62.06216099999996,"p(99)":106.46773163999931,"max":940.662041,"avg":24.479344345740444,"min":5.510111,"med":17.716631}},"vus_max":{"type":"gauge","contains":"default","values":{"value":100,"min":100,"max":100}},"http_req_waiting":{"type":"trend","contains":"time","values":{"p(99)":106.08458731999995,"max":940.341044,"avg":24.10028725470158,"min":5.377182,"med":17.349258,"p(90)":44.408629,"p(95)":61.46367159999999}},"http_req_duration{expected_response:true}":{"values":{"max":940.42185,"avg":24.22625748826112,"min":5.40697,"med":17.47465,"p(90)":44.61117560000001,"p(95)":61.668551399999984,"p(99)":106.12924711999995},"type":"trend","contains":"time"},"iterations":{"values":{"rate":4080.595790440008,"count":122453},"type":"counter","contains":"default"},"http_req_sending":{"type":"trend","contains":"time","values":{"avg":0.04352078034837787,"min":0.002662,"med":0.008261,"p(90)":0.016218800000000002,"p(95)":0.024573599999999977,"p(99)":0.36415895999999925,"max":46.825159}},"http_req_tls_handshaking":{"values":{"p(95)":0,"p(99)":0,"max":0,"avg":0,"min":0,"med":0,"p(90)":0},"type":"trend","contains":"time"}},"root_group":{"name":"","path":"","id":"d41d8cd98f00b204e9800998ecf8427e","groups":[],"checks":[{"path":"::status < 500","id":"742a39bb408e90b9d42e838ebcdbe518","passes":122453,"fails":0,"name":"status < 500"}]},"options":{"summaryTrendStats":["avg","min","med","p(90)","p(95)","p(99)","max"],"summaryTimeUnit":"","noColor":false},"state":{"testRunDurationMs":30008.608127,"isStdOutTTY":false,"isStdErrTTY":false}}