{"root_group":{"groups":[],"checks":[{"name":"status < 500","path":"::status < 500","id":"742a39bb408e90b9d42e838ebcdbe518","passes":119085,"fails":0}],"name":"","path":"","id":"d41d8cd98f00b204e9800998ecf8427e"},"options":{"summaryTimeUnit":"","noColor":false,"summaryTrendStats":["avg","min","med","p(90)","p(95)","p(99)","max"]},"state":{"isStdOutTTY":false,"isStdErrTTY":false,"testRunDurationMs":30008.242844},"metrics":{"http_reqs":{"values":{"count":119085,"rate":3968.409633948642},"type":"counter","contains":"default"},"http_req_blocked":{"type":"trend","contains":"time","values":{"p(90)":0.004129600000000006,"p(95)":0.006871799999999988,"p(99)":0.14676556000000068,"max":37.194081,"avg":0.04006038272662404,"min":0.000903,"med":0.002685}},"http_req_sending":{"values":{"max":49.485554,"avg":0.04268962570432899,"min":0.002655,"med":0.008376,"p(90)":0.016509600000000006,"p(95)":0.025705599999999978,"p(99)":0.36475880000000027},"type":"trend","contains":"time"},"checks":{"contains":"default","values":{"fails":0,"rate":1,"passes":119085},"type":"rate"},"iteration_duration":{"values":{"med":18.566932,"p(90)":45.16376720000001,"p(95)":63.75530139999998,"p(99)":109.28786772000005,"max":733.453553,"avg":25.1639831275392,"min":5.462082},"type":"trend","contains":"time"},"http_req_duration":{"contains":"time","values":{"p(90)":44.66328800000001,"p(95)":63.34914679999998,"p(99)":109.02352532000002,"max":733.315307,"avg":24.875603565125367,"min":5.377701,"med":18.303461},"type":"trend"},"vus":{"contains":"default","values":{"min":100,"max":100,"value":100},"type":"gauge"},"http_req_connecting":{"type":"trend","contains":"time","values":{"p(99)":0.06106180000000054,"max":37.014404,"avg":0.03261114972498632,"min":0,"med":0,"p(90)":0,"p(95)":0}},"data_received":{"type":"counter","contains":"data","values":{"count":49381605,"rate":1645601.352158932}},"server_errors":{"type":"rate","contains":"default","values":{"rate":0,"passes":0,"fails":119085}},"iterations":{"type":"counter","contains":"default","values":{"count":119085,"rate":3968.409633948642}},"http_req_duration{expected_response:true}":{"values":{"avg":24.875603565125367,"min":5.377701,"med":18.303461,"p(90)":44.66328800000001,"p(95)":63.34914679999998,"p(99)":109.02352532000002,"max":733.315307},"type":"trend","contains":"time"},"http_req_receiving":{"type":"trend","contains":"time","values":{"med":0.021779,"p(90)":0.044042,"p(95)":0.09393899999999994,"p(99)":1.269014,"max":54.707173,"avg":0.08900495819792568,"min":0.00782}},"http_req_tls_handshaking":{"type":"trend","contains":"time","values":{"p(90)":0,"p(95)":0,"p(99)":0,"max":0,"avg":0,"min":0,"med":0}},"http_req_failed":{"contains":"default","values":{"rate":0,"passes":0,"fails":119085},"type":"rate"},"data_sent":{"type":"counter","contains":"data","values":{"count":15229194,"rate":507500.3584571764}},"vus_max":{"type":"gauge","contains":"default","values":{"value":100,"min":100,"max":100}},"http_req_waiting":{"type":"trend","contains":"time","values":{"max":733.259065,"avg":24.743908981223637,"min":5.317291,"med":18.181089,"p(90)":44.43030080000001,"p(95)":63.15315219999984,"p(99)":108.9259893600002}}}}