{"options":{"summaryTrendStats":["avg","min","med","p(90)","p(95)","p(99)","max"],"summaryTimeUnit":"","noColor":false},"state":{"testRunDurationMs":60005.998786,"isStdOutTTY":false,"isStdErrTTY":false},"metrics":{"http_req_duration":{"contains":"time","values":{"min":5.220997,"med":10.164258,"p(90)":22.3812562,"p(95)":27.2435966,"p(99)":38.992239039999994,"max":170.067387,"avg":12.614326854851726},"type":"trend"},"http_req_connecting":{"type":"trend","contains":"time","values":{"min":0,"med":0,"p(90)":0,"p(95)":0,"p(99)":0.054703119999999994,"max":58.109952,"avg":0.036891464470446646}},"data_sent":{"type":"counter","contains":"data","values":{"rate":993395.5972066503,"count":59609695}},"server_errors":{"values":{"rate":0,"passes":0,"fails":465345},"type":"rate","contains":"default"},"vus_max":{"values":{"value":100,"min":100,"max":100},"type":"gauge","contains":"default"},"http_req_receiving":{"type":"trend","contains":"time","values":{"min":0.006586,"med":0.019916,"p(90)":0.06438860000000003,"p(95)":0.15858019999999995,"p(99)":1.4128623999999994,"max":153.075555,"avg":0.09255884064081658}},"data_received":{"type":"counter","contains":"data","values":{"count":203385956,"rate":3389427.05920682}},"http_req_failed":{"type":"rate","contains":"default","values":{"rate":0,"passes":0,"fails":465345}},"http_reqs":{"type":"counter","contains":"default","values":{"count":465345,"rate":7754.9746594430435}},"iteration_duration":{"type":"trend","contains":"time","values":{"avg":12.869893962763351,"min":5.295184,"med":10.379851,"p(90)":22.748123600000003,"p(95)":27.705421999999988,"p(99)":39.959957679999995,"max":173.49111}},"vus":{"type":"gauge","contains":"default","values":{"max":100,"value":100,"min":100}},"http_req_blocked":{"type":"trend","contains":"time","values":{"avg":0.04388614854140641,"min":0.00081,"med":0.00259,"p(90)":0.004227,"p(95)":0.007908,"p(99)":0.22305215999999992,"max":58.254876}},"http_req_waiting":{"type":"trend","contains":"time","values":{"p(99)":38.398560599999996,"max":155.756787,"avg":12.458330235921519,"min":5.187902,"med":10.043049,"p(90)":22.108233800000004,"p(95)":26.91002059999999}},"checks":{"type":"rate","contains":"default","values":{"passes":465345,"fails":0,"rate":1}},"iterations":{"type":"counter","contains":"default","values":{"count":465345,"rate":7754.9746594430435}},"http_req_duration{expected_response:true}":{"type":"trend","contains":"time","values":{"avg":12.614326854851726,"min":5.220997,"med":10.164258,"p(90)":22.3812562,"p(95)":27.2435966,"p(99)":38.992239039999994,"max":170.067387}},"http_req_sending":{"contains":"time","values":{"avg":0.06343777828922476,"min":0.002397,"med":0.008008,"p(90)":0.017417,"p(95)":0.037592599999999976,"p(99)":0.6660287999999995,"max":95.195525},"type":"trend"},"http_req_tls_handshaking":{"type":"trend","contains":"time","values":{"p(95)":0,"p(99)":0,"max":0,"avg":0,"min":0,"med":0,"p(90)":0}}},"root_group":{"name":"","path":"","id":"d41d8cd98f00b204e9800998ecf8427e","groups":[],"checks":[{"fails":0,"name":"status < 500","path":"::status < 500","id":"742a39bb408e90b9d42e838ebcdbe518","passes":465345}]}}