{"metrics":{"iteration_duration":{"type":"trend","contains":"time","values":{"p(90)":45.96307879999999,"p(95)":63.69037719999985,"p(99)":109.67716355999995,"max":546.815413,"avg":25.193369723137746,"min":5.567118,"med":18.362338}},"iterations":{"contains":"default","values":{"count":118969,"rate":3964.098471667629},"type":"counter"},"http_req_blocked":{"type":"trend","contains":"time","values":{"med":0.002627,"p(90)":0.003966,"p(95)":0.0060643999999999655,"p(99)":0.13114167999999982,"max":35.862641,"avg":0.026506981911253974,"min":0.000882}},"server_errors":{"type":"rate","contains":"default","values":{"rate":0,"passes":0,"fails":118969}},"http_req_receiving":{"type":"trend","contains":"time","values":{"med":0.021936,"p(90)":0.04155219999999998,"p(95)":0.07267039999999997,"p(99)":0.8190389199999922,"max":65.736623,"avg":0.07561807673427615,"min":0.007727}},"data_received":{"type":"counter","contains":"data","values":{"rate":1629512.5680510686,"count":48904305}},"http_reqs":{"type":"counter","contains":"default","values":{"count":118969,"rate":3964.098471667629}},"vus_max":{"type":"gauge","contains":"default","values":{"value":100,"min":100,"max":100}},"http_req_waiting":{"type":"trend","contains":"time","values":{"p(90)":45.454938999999996,"p(95)":63.062744599999995,"p(99)":109.25788471999915,"max":545.199638,"avg":24.86301649961752,"min":5.446323,"med":18.049097}},"http_req_duration":{"type":"trend","contains":"time","values":{"max":545.356402,"avg":24.98091191607922,"min":5.491119,"med":18.157359,"p(90)":45.658081,"p(95)":63.311645799999994,"p(99)":109.45049983999988}},"data_sent":{"type":"counter","contains":"data","values":{"count":15235419,"rate":507650.74240445794}},"http_req_sending":{"type":"trend","contains":"time","values":{"max":59.159664,"avg":0.04227733972715544,"min":0.002922,"med":0.008307,"p(90)":0.0160832,"p(95)":0.023302999999999914,"p(99)":0.30181755999999976}},"http_req_failed":{"type":"rate","contains":"default","values":{"rate":0,"passes":0,"fails":118969}},"vus":{"type":"gauge","contains":"default","values":{"min":100,"max":100,"value":100}},"checks":{"type":"rate","contains":"default","values":{"rate":1,"passes":118969,"fails":0}},"http_req_duration{expected_response:true}":{"type":"trend","contains":"time","values":{"avg":24.98091191607922,"min":5.491119,"med":18.157359,"p(90)":45.658081,"p(95)":63.311645799999994,"p(99)":109.45049983999988,"max":545.356402}},"http_req_connecting":{"contains":"time","values":{"p(99)":0.05883547999999857,"max":35.830481,"avg":0.019397688918962066,"min":0,"med":0,"p(90)":0,"p(95)":0},"type":"trend"},"http_req_tls_handshaking":{"type":"trend","contains":"time","values":{"min":0,"med":0,"p(90)":0,"p(95)":0,"p(99)":0,"max":0,"avg":0}}},"root_group":{"name":"","path":"","id":"d41d8cd98f00b204e9800998ecf8427e","groups":[],"checks":[{"passes":118969,"fails":0,"name":"status < 500","path":"::status < 500","id":"742a39bb408e90b9d42e838ebcdbe518"}]},"options":{"summaryTrendStats":["avg","min","med","p(90)","p(95)","p(99)","max"],"summaryTimeUnit":"","noColor":false},"state":{"isStdOutTTY":false,"isStdErrTTY":false,"testRunDurationMs":30011.615718}}