{"root_group":{"name":"","path":"","id":"d41d8cd98f00b204e9800998ecf8427e","groups":[],"checks":[{"path":"::status < 500","id":"742a39bb408e90b9d42e838ebcdbe518","passes":169834,"fails":0,"name":"status < 500"}]},"options":{"summaryTrendStats":["avg","min","med","p(90)","p(95)","p(99)","max"],"summaryTimeUnit":"","noColor":false},"state":{"isStdErrTTY":false,"testRunDurationMs":60009.488722,"isStdOutTTY":false},"metrics":{"http_req_receiving":{"type":"trend","contains":"time","values":{"min":0.007418,"med":0.018949,"p(90)":0.03902210000000004,"p(95)":0.07834000000000012,"p(99)":0.844598370000004,"max":41.685128,"avg":0.06409502962893109}},"server_errors":{"type":"rate","contains":"default","values":{"rate":0,"passes":0,"fails":169834}},"http_req_duration":{"type":"trend","contains":"time","values":{"min":5.309981,"med":16.7251735,"p(90)":77.88829960000001,"p(95)":83.82114465,"p(99)":98.36390716000005,"max":203.886371,"avg":35.11887237076245}},"http_req_duration{expected_response:true}":{"type":"trend","contains":"time","values":{"p(90)":77.88829960000001,"p(95)":83.82114465,"p(99)":98.36390716000005,"max":203.886371,"avg":35.11887237076245,"min":5.309981,"med":16.7251735}},"http_req_failed":{"contains":"default","values":{"rate":0,"passes":0,"fails":169834},"type":"rate"},"http_req_connecting":{"type":"trend","contains":"time","values":{"max":33.92271,"avg":0.009285698864773822,"min":0,"med":0,"p(90)":0,"p(95)":0,"p(99)":0.05619759000000099}},"vus":{"type":"gauge","contains":"default","values":{"value":100,"min":100,"max":100}},"data_received":{"type":"counter","contains":"data","values":{"count":70901472,"rate":1181504.350561262}},"http_req_tls_handshaking":{"type":"trend","contains":"time","values":{"avg":0,"min":0,"med":0,"p(90)":0,"p(95)":0,"p(99)":0,"max":0}},"checks":{"contains":"default","values":{"rate":1,"passes":169834,"fails":0},"type":"rate"},"data_sent":{"type":"counter","contains":"data","values":{"count":21771529,"rate":362801.4412997051}},"iterations":{"type":"counter","contains":"default","values":{"count":169834,"rate":2830.119096444449}},"http_req_waiting":{"type":"trend","contains":"time","values":{"max":203.860965,"avg":35.024958175877316,"min":5.262325,"med":16.6272635,"p(90)":77.7870647,"p(95)":83.64982595000001,"p(99)":98.13836747000002}},"http_req_blocked":{"type":"trend","contains":"time","values":{"avg":0.015261433605755898,"min":0.000844,"med":0.002419,"p(90)":0.003545,"p(95)":0.004389,"p(99)":0.11913316000000061,"max":34.517156}},"http_reqs":{"contains":"default","values":{"count":169834,"rate":2830.119096444449},"type":"counter"},"vus_max":{"type":"gauge","contains":"default","values":{"max":100,"value":100,"min":100}},"iteration_duration":{"values":{"p(95)":84.07967045000001,"p(99)":98.69577889,"max":204.062425,"avg":35.3107326654014,"min":5.364412,"med":16.919016,"p(90)":78.10198319999999},"type":"trend","contains":"time"},"http_req_sending":{"type":"trend","contains":"time","values":{"avg":0.029819165255484493,"min":0.002638,"med":0.007713,"p(90)":0.014468,"p(95)":0.022389,"p(99)":0.2848059700000012,"max":42.370661}}}}