{"root_group":{"id":"d41d8cd98f00b204e9800998ecf8427e","groups":[],"checks":[{"passes":41565,"fails":0,"name":"status < 500","path":"::status < 500","id":"742a39bb408e90b9d42e838ebcdbe518"}],"name":"","path":""},"options":{"summaryTimeUnit":"","noColor":false,"summaryTrendStats":["avg","min","med","p(90)","p(95)","p(99)","max"]},"state":{"isStdOutTTY":false,"isStdErrTTY":false,"testRunDurationMs":30059.036617},"metrics":{"data_received":{"contains":"data","values":{"rate":561259.6043899353,"count":16870923},"type":"counter"},"http_req_connecting":{"contains":"time","values":{"p(90)":0,"p(95)":0,"p(99)":0.07289776000000003,"max":21.470721,"avg":0.010982819102610373,"min":0,"med":0},"type":"trend"},"iteration_duration":{"type":"trend","contains":"time","values":{"p(95)":194.53151,"p(99)":300.53645348000003,"max":1459.175042,"avg":72.27572791257033,"min":5.569676,"med":75.387892,"p(90)":119.89616219999996}},"iterations":{"type":"counter","contains":"default","values":{"count":41565,"rate":1382.7788471601502}},"http_req_duration":{"type":"trend","contains":"time","values":{"p(99)":300.42940608,"max":1456.949338,"avg":72.0894562581251,"min":5.468323,"med":75.194323,"p(90)":119.6456366,"p(95)":194.41111839999996}},"http_req_blocked":{"type":"trend","contains":"time","values":{"med":0.002638,"p(90)":0.003657,"p(95)":0.004458,"p(99)":0.1354545200000001,"max":21.666405,"avg":0.01644567499097809,"min":0.000833}},"http_req_tls_handshaking":{"type":"trend","contains":"time","values":{"avg":0,"min":0,"med":0,"p(90)":0,"p(95)":0,"p(99)":0,"max":0}},"http_req_receiving":{"type":"trend","contains":"time","values":{"min":0.00763,"med":0.022877,"p(90)":0.04316879999999999,"p(95)":0.0673747999999995,"p(99)":0.529301960000003,"max":26.474499,"avg":0.05782749459882083}},"http_req_sending":{"type":"trend","contains":"time","values":{"med":0.008359,"p(90)":0.017390199999999998,"p(95)":0.025130999999999955,"p(99)":0.22109232000000043,"max":24.035024,"avg":0.02796504826175869,"min":0.002766}},"http_req_failed":{"type":"rate","contains":"default","values":{"rate":0,"passes":0,"fails":41565}},"server_errors":{"type":"rate","contains":"default","values":{"fails":41565,"rate":0,"passes":0}},"checks":{"type":"rate","contains":"default","values":{"rate":1,"passes":41565,"fails":0}},"http_reqs":{"type":"counter","contains":"default","values":{"count":41565,"rate":1382.7788471601502}},"vus":{"type":"gauge","contains":"default","values":{"value":100,"min":100,"max":100}},"vus_max":{"type":"gauge","contains":"default","values":{"value":100,"min":100,"max":100}},"http_req_duration{expected_response:true}":{"type":"trend","contains":"time","values":{"p(99)":300.42940608,"max":1456.949338,"avg":72.0894562581251,"min":5.468323,"med":75.194323,"p(90)":119.6456366,"p(95)":194.41111839999996}},"http_req_waiting":{"values":{"max":1456.621994,"avg":72.00366371526516,"min":5.43646,"med":75.11115,"p(90)":119.56167379999998,"p(95)":194.35354919999997,"p(99)":300.38699864},"type":"trend","contains":"time"},"data_sent":{"type":"counter","contains":"data","values":{"rate":178044.92765989833,"count":5351859}}}}