{"options":{"summaryTimeUnit":"","noColor":false,"summaryTrendStats":["avg","min","med","p(90)","p(95)","p(99)","max"]},"state":{"isStdErrTTY":false,"testRunDurationMs":30047.367152,"isStdOutTTY":false},"metrics":{"vus":{"type":"gauge","contains":"default","values":{"min":100,"max":100,"value":100}},"http_req_duration{expected_response:true}":{"type":"trend","contains":"time","values":{"p(90)":102.8261376,"p(95)":172.28221509999986,"p(99)":279.94997520999937,"max":1410.928382,"avg":59.85834829839996,"min":5.435625,"med":67.6533455}},"http_req_blocked":{"values":{"p(95)":0.00439,"p(99)":0.12025704999999978,"max":21.541784,"avg":0.011777718276344688,"min":0.000845,"med":0.002569,"p(90)":0.003589},"type":"trend","contains":"time"},"data_sent":{"type":"counter","contains":"data","values":{"count":6420465,"rate":213678.12252970203}},"iteration_duration":{"contains":"time","values":{"p(99)":280.0869607599997,"max":1411.079173,"avg":60.043445551409995,"min":5.517189,"med":67.80680799999999,"p(90)":103.005084,"p(95)":172.4923655499998},"type":"trend"},"server_errors":{"type":"rate","contains":"default","values":{"rate":0,"passes":0,"fails":50010}},"http_req_receiving":{"type":"trend","contains":"time","values":{"min":0.00823,"med":0.020665,"p(90)":0.042048,"p(95)":0.06798004999999996,"p(99)":0.6388962599999956,"max":35.032545,"avg":0.05852903235352877}},"http_reqs":{"type":"counter","contains":"default","values":{"count":50010,"rate":1664.3721144356987}},"http_req_duration":{"type":"trend","contains":"time","values":{"avg":59.85834829839996,"min":5.435625,"med":67.6533455,"p(90)":102.8261376,"p(95)":172.28221509999986,"p(99)":279.94997520999937,"max":1410.928382}},"http_req_connecting":{"type":"trend","contains":"time","values":{"p(90)":0,"p(95)":0,"p(99)":0.055989089999999624,"max":21.519538,"avg":0.005577254929014197,"min":0,"med":0}},"iterations":{"type":"counter","contains":"default","values":{"count":50010,"rate":1664.3721144356987}},"vus_max":{"type":"gauge","contains":"default","values":{"value":100,"min":100,"max":100}},"checks":{"type":"rate","contains":"default","values":{"rate":1,"passes":50010,"fails":0}},"http_req_sending":{"type":"trend","contains":"time","values":{"avg":0.024097031033793365,"min":0.002776,"med":0.008078499999999999,"p(90)":0.015966,"p(95)":0.022884499999999957,"p(99)":0.2111507799999998,"max":23.821087}},"http_req_failed":{"type":"rate","contains":"default","values":{"rate":0,"passes":0,"fails":50010}},"http_req_tls_handshaking":{"type":"trend","contains":"time","values":{"min":0,"med":0,"p(90)":0,"p(95)":0,"p(99)":0,"max":0,"avg":0}},"http_req_waiting":{"type":"trend","contains":"time","values":{"avg":59.775722235013546,"min":5.413,"med":67.5872475,"p(90)":102.7359069,"p(95)":172.1967977499997,"p(99)":279.91450086999936,"max":1410.862235}},"data_received":{"type":"counter","contains":"data","values":{"count":20471926,"rate":681321.790905642}}},"root_group":{"name":"","path":"","id":"d41d8cd98f00b204e9800998ecf8427e","groups":[],"checks":[{"name":"status < 500","path":"::status < 500","id":"742a39bb408e90b9d42e838ebcdbe518","passes":50010,"fails":0}]}}