{"options":{"summaryTrendStats":["avg","min","med","p(90)","p(95)","p(99)","max"],"summaryTimeUnit":"","noColor":false},"state":{"isStdOutTTY":false,"isStdErrTTY":false,"testRunDurationMs":60104.284736},"metrics":{"http_req_duration{expected_response:true}":{"values":{"avg":39.38376394666476,"min":5.308823,"med":16.22933,"p(90)":77.12257579999999,"p(95)":85.227479,"p(99)":282.7106094399996,"max":448.918338},"type":"trend","contains":"time"},"http_req_blocked":{"type":"trend","contains":"time","values":{"avg":0.016958881966823953,"min":0.000842,"med":0.002444,"p(90)":0.003577,"p(95)":0.004453,"p(99)":0.12491183999999915,"max":32.151142}},"http_req_receiving":{"type":"trend","contains":"time","values":{"avg":0.06056917173135068,"min":0.007348,"med":0.01905,"p(90)":0.04000779999999996,"p(95)":0.08377939999999996,"p(99)":0.8008200399999991,"max":36.935387}},"vus":{"type":"gauge","contains":"default","values":{"value":100,"min":100,"max":100}},"iteration_duration":{"type":"trend","contains":"time","values":{"p(99)":282.94204011999994,"max":449.073935,"avg":39.574510231499275,"min":5.393159,"med":16.416137,"p(90)":77.35303780000001,"p(95)":85.52099419999993}},"http_req_connecting":{"type":"trend","contains":"time","values":{"p(90)":0,"p(95)":0,"p(99)":0.058861199999999926,"max":26.026587,"avg":0.010927656056202491,"min":0,"med":0}},"http_req_sending":{"type":"trend","contains":"time","values":{"avg":0.033410948186664846,"min":0.00255,"med":0.007732,"p(90)":0.014605,"p(95)":0.023035,"p(99)":0.2741757199999996,"max":32.223079}},"iterations":{"contains":"default","values":{"rate":2524.5621117776277,"count":151737},"type":"counter"},"vus_max":{"contains":"default","values":{"value":100,"min":100,"max":100},"type":"gauge"},"http_req_duration":{"type":"trend","contains":"time","values":{"med":16.22933,"p(90)":77.12257579999999,"p(95)":85.227479,"p(99)":282.7106094399996,"max":448.918338,"avg":39.38376394666476,"min":5.308823}},"http_req_tls_handshaking":{"type":"trend","contains":"time","values":{"max":0,"avg":0,"min":0,"med":0,"p(90)":0,"p(95)":0,"p(99)":0}},"checks":{"type":"rate","contains":"default","values":{"rate":1,"passes":151737,"fails":0}},"data_received":{"type":"counter","contains":"data","values":{"count":63393363,"rate":1054722.8584192763}},"http_req_failed":{"contains":"default","values":{"rate":0,"passes":0,"fails":151737},"type":"rate"},"data_sent":{"contains":"data","values":{"rate":323299.04740320845,"count":19431658},"type":"counter"},"server_errors":{"contains":"default","values":{"rate":0,"passes":0,"fails":151737},"type":"rate"},"http_reqs":{"contains":"default","values":{"count":151737,"rate":2524.5621117776277},"type":"counter"},"http_req_waiting":{"values":{"p(95)":85.0593528,"p(99)":282.64888783999936,"max":448.843594,"avg":39.28978382674674,"min":5.275944,"med":16.126494,"p(90)":77.0316216},"type":"trend","contains":"time"}},"root_group":{"name":"","path":"","id":"d41d8cd98f00b204e9800998ecf8427e","groups":[],"checks":[{"name":"status < 500","path":"::status < 500","id":"742a39bb408e90b9d42e838ebcdbe518","passes":151737,"fails":0}]}}