{"root_group":{"name":"","path":"","id":"d41d8cd98f00b204e9800998ecf8427e","groups":[],"checks":[{"name":"status < 500","path":"::status < 500","id":"742a39bb408e90b9d42e838ebcdbe518","passes":166718,"fails":0}]},"options":{"summaryTrendStats":["avg","min","med","p(90)","p(95)","p(99)","max"],"summaryTimeUnit":"","noColor":false},"state":{"isStdOutTTY":false,"isStdErrTTY":false,"testRunDurationMs":60012.214317},"metrics":{"http_req_waiting":{"type":"trend","contains":"time","values":{"p(90)":78.05646430000002,"p(95)":84.1857865,"p(99)":102.13124207999991,"max":271.073499,"avg":35.69466100791765,"min":5.231262,"med":16.958464}},"iteration_duration":{"type":"trend","contains":"time","values":{"p(99)":102.69406403999996,"max":271.205284,"avg":35.96948507291941,"min":5.348775,"med":17.247773,"p(90)":78.37833260000001,"p(95)":84.53910134999998}},"vus_max":{"type":"gauge","contains":"default","values":{"value":100,"min":100,"max":100}},"http_req_receiving":{"type":"trend","contains":"time","values":{"min":0.007537,"med":0.019077,"p(90)":0.03984930000000002,"p(95)":0.0807810999999998,"p(99)":0.7812582799999858,"max":40.916681,"avg":0.058751718782615515}},"iterations":{"type":"counter","contains":"default","values":{"count":166718,"rate":2778.067796654736}},"http_req_tls_handshaking":{"values":{"avg":0,"min":0,"med":0,"p(90)":0,"p(95)":0,"p(99)":0,"max":0},"type":"trend","contains":"time"},"http_req_sending":{"values":{"avg":0.028194885777180254,"min":0.002578,"med":0.007712,"p(90)":0.014678,"p(95)":0.023138,"p(99)":0.2790506199999998,"max":26.319762},"type":"trend","contains":"time"},"data_sent":{"type":"counter","contains":"data","values":{"count":21362901,"rate":355975.8832952846}},"http_req_failed":{"type":"rate","contains":"default","values":{"rate":0,"passes":0,"fails":166718}},"http_req_duration{expected_response:true}":{"type":"trend","contains":"time","values":{"min":5.283932,"med":17.05587,"p(90)":78.1639712,"p(95)":84.30937845,"p(99)":102.24383443999992,"max":271.112643,"avg":35.78160761247747}},"http_req_blocked":{"type":"trend","contains":"time","values":{"med":0.002421,"p(90)":0.0035163000000000173,"p(95)":0.004375,"p(99)":0.1210045799999971,"max":37.219556,"avg":0.012806092899386598,"min":0.000859}},"http_reqs":{"contains":"default","values":{"count":166718,"rate":2778.067796654736},"type":"counter"},"http_req_connecting":{"values":{"avg":0.0073369423577538135,"min":0,"med":0,"p(90)":0,"p(95)":0,"p(99)":0.053920959999999844,"max":37.193639},"type":"trend","contains":"time"},"http_req_duration":{"type":"trend","contains":"time","values":{"max":271.112643,"avg":35.78160761247747,"min":5.283932,"med":17.05587,"p(90)":78.1639712,"p(95)":84.30937845,"p(99)":102.24383443999992}},"server_errors":{"type":"rate","contains":"default","values":{"rate":0,"passes":0,"fails":166718}},"vus":{"values":{"value":100,"min":100,"max":100},"type":"gauge","contains":"default"},"checks":{"type":"rate","contains":"default","values":{"rate":1,"passes":166718,"fails":0}},"data_received":{"type":"counter","contains":"data","values":{"rate":1160364.0490944826,"count":69636016}}}}