{"root_group":{"name":"","path":"","id":"d41d8cd98f00b204e9800998ecf8427e","groups":[],"checks":[{"name":"status < 500","path":"::status < 500","id":"742a39bb408e90b9d42e838ebcdbe518","passes":212523,"fails":0}]},"options":{"summaryTrendStats":["avg","min","med","p(90)","p(95)","p(99)","max"],"summaryTimeUnit":"","noColor":false},"state":{"isStdOutTTY":false,"isStdErrTTY":false,"testRunDurationMs":60011.036346},"metrics":{"http_req_waiting":{"contains":"time","values":{"avg":27.92500128292015,"min":5.226918,"med":13.849934,"p(90)":69.31635860000002,"p(95)":74.2463227,"p(99)":84.18737209999999,"max":175.521105},"type":"trend"},"http_req_tls_handshaking":{"type":"trend","contains":"time","values":{"avg":0,"min":0,"med":0,"p(90)":0,"p(95)":0,"p(99)":0,"max":0}},"http_req_duration":{"values":{"min":5.251075,"med":13.94625,"p(90)":69.42557900000001,"p(95)":74.3781514,"p(99)":84.36216261999999,"max":176.187008,"avg":28.017968018045206},"type":"trend","contains":"time"},"http_req_failed":{"type":"rate","contains":"default","values":{"rate":0,"passes":0,"fails":212523}},"checks":{"values":{"rate":1,"passes":212523,"fails":0},"type":"rate","contains":"default"},"iteration_duration":{"type":"trend","contains":"time","values":{"avg":28.20904982337447,"min":5.317246,"med":14.145954,"p(90)":69.632532,"p(95)":74.6080371,"p(99)":84.66784122,"max":176.295622}},"vus":{"type":"gauge","contains":"default","values":{"max":100,"value":100,"min":100}},"http_req_sending":{"contains":"time","values":{"p(95)":0.023437799999999988,"p(99)":0.3190469599999997,"max":36.082468,"avg":0.031155784456270368,"min":0.002443,"med":0.007575,"p(90)":0.014085},"type":"trend"},"server_errors":{"type":"rate","contains":"default","values":{"rate":0,"passes":0,"fails":212523}},"iterations":{"type":"counter","contains":"default","values":{"count":212523,"rate":3541.3985983290822}},"http_req_blocked":{"type":"trend","contains":"time","values":{"med":0.002401,"p(90)":0.00356,"p(95)":0.004517,"p(99)":0.1317859199999997,"max":27.542423,"avg":0.01602609694950656,"min":0.000819}},"http_req_receiving":{"values":{"min":0.006897,"med":0.01837,"p(90)":0.040648,"p(95)":0.10009549999999998,"p(99)":0.9089660399999988,"max":47.905608,"avg":0.061810950668868804},"type":"trend","contains":"time"},"data_sent":{"type":"counter","contains":"data","values":{"count":27249101,"rate":454068.1624441947}},"http_req_connecting":{"type":"trend","contains":"time","values":{"p(90)":0,"p(95)":0,"p(99)":0.05534513999999999,"max":27.502162,"avg":0.009620890717710561,"min":0,"med":0}},"http_req_duration{expected_response:true}":{"type":"trend","contains":"time","values":{"avg":28.017968018045206,"min":5.251075,"med":13.94625,"p(90)":69.42557900000001,"p(95)":74.3781514,"p(99)":84.36216261999999,"max":176.187008}},"vus_max":{"type":"gauge","contains":"default","values":{"value":100,"min":100,"max":100}},"data_received":{"contains":"data","values":{"count":89449359,"rate":1490548.4798541092},"type":"counter"},"http_reqs":{"type":"counter","contains":"default","values":{"count":212523,"rate":3541.3985983290822}}}}