{"metrics":{"http_req_sending":{"values":{"avg":0.03054294993726976,"min":0.002711,"med":0.008005,"p(90)":0.016155600000000006,"p(95)":0.022131149999999995,"p(99)":0.2311996400000002,"max":21.821837},"type":"trend","contains":"time"},"vus_max":{"contains":"default","values":{"value":100,"min":100,"max":100},"type":"gauge"},"http_req_connecting":{"values":{"p(99)":0.06471560000000055,"max":27.803863,"avg":0.020644125865069387,"min":0,"med":0,"p(90)":0,"p(95)":0},"type":"trend","contains":"time"},"iteration_duration":{"type":"trend","contains":"time","values":{"avg":60.76764214185125,"min":5.515464,"med":66.5477665,"p(90)":107.2826626,"p(95)":179.25056554999998,"p(99)":280.1307565900001,"max":1155.633594}},"http_req_waiting":{"type":"trend","contains":"time","values":{"med":66.310287,"p(90)":107.03308410000002,"p(95)":179.00136829999983,"p(99)":279.19688448000005,"max":1124.371051,"avg":60.48780861667772,"min":5.427418}},"vus":{"type":"gauge","contains":"default","values":{"value":100,"min":100,"max":100}},"http_req_duration":{"type":"trend","contains":"time","values":{"p(95)":179.06031174999998,"p(99)":279.30731951000007,"max":1132.155463,"avg":60.571904680682735,"min":5.451132,"med":66.3698745,"p(90)":107.13488720000005}},"data_sent":{"type":"counter","contains":"data","values":{"count":6338777,"rate":210911.35494520134}},"server_errors":{"type":"rate","contains":"default","values":{"rate":0,"passes":0,"fails":49418}},"iterations":{"type":"counter","contains":"default","values":{"count":49418,"rate":1644.2946862907404}},"http_reqs":{"type":"counter","contains":"default","values":{"count":49418,"rate":1644.2946862907404}},"http_req_tls_handshaking":{"type":"trend","contains":"time","values":{"p(90)":0,"p(95)":0,"p(99)":0,"max":0,"avg":0,"min":0,"med":0}},"http_req_receiving":{"type":"trend","contains":"time","values":{"avg":0.05355311406774847,"min":0.007829,"med":0.02087,"p(90)":0.041819500000000016,"p(95)":0.06493164999999981,"p(99)":0.5097682400000013,"max":36.670538}},"data_received":{"type":"counter","contains":"data","values":{"count":20181191,"rate":671492.6772495551}},"http_req_failed":{"type":"rate","contains":"default","values":{"rate":0,"passes":0,"fails":49418}},"http_req_duration{expected_response:true}":{"type":"trend","contains":"time","values":{"avg":60.571904680682735,"min":5.451132,"med":66.3698745,"p(90)":107.13488720000005,"p(95)":179.06031174999998,"p(99)":279.30731951000007,"max":1132.155463}},"http_req_blocked":{"type":"trend","contains":"time","values":{"p(90)":0.003531,"p(95)":0.004311149999999994,"p(99)":0.11856407000000005,"max":27.84228,"avg":0.026496817050466664,"min":0.000872,"med":0.00254}},"checks":{"type":"rate","contains":"default","values":{"rate":1,"passes":49418,"fails":0}}},"root_group":{"name":"","path":"","id":"d41d8cd98f00b204e9800998ecf8427e","groups":[],"checks":[{"name":"status < 500","path":"::status < 500","id":"742a39bb408e90b9d42e838ebcdbe518","passes":49418,"fails":0}]},"options":{"summaryTrendStats":["avg","min","med","p(90)","p(95)","p(99)","max"],"summaryTimeUnit":"","noColor":false},"state":{"isStdOutTTY":false,"isStdErrTTY":false,"testRunDurationMs":30054.223499}}