{"root_group":{"name":"","path":"","id":"d41d8cd98f00b204e9800998ecf8427e","groups":[],"checks":[{"id":"742a39bb408e90b9d42e838ebcdbe518","passes":337960,"fails":0,"name":"status < 500","path":"::status < 500"}]},"options":{"summaryTimeUnit":"","noColor":false,"summaryTrendStats":["avg","min","med","p(90)","p(95)","p(99)","max"]},"state":{"isStdOutTTY":false,"isStdErrTTY":false,"testRunDurationMs":60006.178228},"metrics":{"http_req_duration":{"type":"trend","contains":"time","values":{"p(99)":256.0488453399999,"max":487.650183,"avg":17.516729163205362,"min":5.18874,"med":9.2548335,"p(90)":19.690247800000005,"p(95)":26.86107494999998}},"http_req_duration{expected_response:true}":{"type":"trend","contains":"time","values":{"p(99)":256.0488453399999,"max":487.650183,"avg":17.516729163205362,"min":5.18874,"med":9.2548335,"p(90)":19.690247800000005,"p(95)":26.86107494999998}},"http_req_blocked":{"type":"trend","contains":"time","values":{"med":0.002422,"p(90)":0.003768,"p(95)":0.006614,"p(99)":0.1665549599999986,"max":51.118432,"avg":0.02829355515445683,"min":0.00081}},"vus_max":{"type":"gauge","contains":"default","values":{"value":100,"min":100,"max":100}},"vus":{"type":"gauge","contains":"default","values":{"value":100,"min":100,"max":100}},"http_reqs":{"type":"counter","contains":"default","values":{"count":337960,"rate":5632.08672806797}},"http_req_tls_handshaking":{"type":"trend","contains":"time","values":{"max":0,"avg":0,"min":0,"med":0,"p(90)":0,"p(95)":0,"p(99)":0}},"http_req_waiting":{"type":"trend","contains":"time","values":{"med":9.155356,"p(90)":19.434731200000005,"p(95)":26.492644399999993,"p(99)":255.98097021999953,"max":444.614193,"avg":17.38935487598272,"min":5.169871}},"data_sent":{"type":"counter","contains":"data","values":{"count":43295331,"rate":721514.5553095329}},"iteration_duration":{"type":"trend","contains":"time","values":{"avg":17.735367831811246,"min":5.272684,"med":9.444827,"p(90)":20.015044200000002,"p(95)":27.354474399999987,"p(99)":256.19487845999964,"max":488.058687}},"http_req_receiving":{"type":"trend","contains":"time","values":{"p(90)":0.05618920000000007,"p(95)":0.13397405,"p(99)":1.1115823299999996,"max":104.310295,"avg":0.07756414994969965,"min":0.006962,"med":0.017977}},"http_req_connecting":{"type":"trend","contains":"time","values":{"med":0,"p(90)":0,"p(95)":0,"p(99)":0.05075976999999496,"max":50.923828,"avg":0.02210448075216,"min":0}},"http_req_sending":{"type":"trend","contains":"time","values":{"p(95)":0.031075099999999974,"p(99)":0.5128043099999899,"max":174.080883,"avg":0.04981013727364197,"min":0.002484,"med":0.007459,"p(90)":0.015583}},"checks":{"type":"rate","contains":"default","values":{"rate":1,"passes":337960,"fails":0}},"http_req_failed":{"type":"rate","contains":"default","values":{"rate":0,"passes":0,"fails":337960}},"server_errors":{"values":{"fails":337960,"rate":0,"passes":0},"type":"rate","contains":"default"},"data_received":{"values":{"count":145465260,"rate":2424171.3819415215},"type":"counter","contains":"data"},"iterations":{"values":{"count":337960,"rate":5632.08672806797},"type":"counter","contains":"default"}}}