{"options":{"summaryTrendStats":["avg","min","med","p(90)","p(95)","p(99)","max"],"summaryTimeUnit":"","noColor":false},"state":{"isStdOutTTY":false,"isStdErrTTY":false,"testRunDurationMs":30008.1337},"metrics":{"http_req_sending":{"type":"trend","contains":"time","values":{"max":61.705593,"avg":0.04258222190767579,"min":0.002481,"med":0.00804,"p(90)":0.0157768,"p(95)":0.024004399999999936,"p(99)":0.3563833600000002}},"vus_max":{"contains":"default","values":{"value":100,"min":100,"max":100},"type":"gauge"},"http_reqs":{"type":"counter","contains":"default","values":{"count":104913,"rate":3496.1521115856667}},"http_req_blocked":{"type":"trend","contains":"time","values":{"med":0.002545,"p(90)":0.003764,"p(95)":0.005107,"p(99)":0.13204596000000007,"max":87.020385,"avg":0.02808554113408253,"min":0.000867}},"http_req_receiving":{"type":"trend","contains":"time","values":{"p(99)":0.9125457600000123,"max":46.741554,"avg":0.07397532526950912,"min":0.007621,"med":0.020189,"p(90)":0.041216600000000006,"p(95)":0.07871059999999971}},"checks":{"type":"rate","contains":"default","values":{"rate":1,"passes":104913,"fails":0}},"iterations":{"type":"counter","contains":"default","values":{"count":104913,"rate":3496.1521115856667}},"http_req_failed":{"type":"rate","contains":"default","values":{"passes":0,"fails":104913,"rate":0}},"iteration_duration":{"type":"trend","contains":"time","values":{"min":5.45788,"med":16.170803,"p(90)":50.31786060000002,"p(95)":87.73936359999993,"p(99)":238.11609432000023,"max":707.74884,"avg":28.573921276276632}},"server_errors":{"type":"rate","contains":"default","values":{"passes":0,"fails":104913,"rate":0}},"http_req_duration":{"type":"trend","contains":"time","values":{"p(95)":87.1411058,"p(99)":237.97618468000007,"max":704.758849,"avg":28.323678669202256,"min":5.389411,"med":15.95873,"p(90)":49.775165799999996}},"http_req_tls_handshaking":{"type":"trend","contains":"time","values":{"p(99)":0,"max":0,"avg":0,"min":0,"med":0,"p(90)":0,"p(95)":0}},"http_req_duration{expected_response:true}":{"type":"trend","contains":"time","values":{"med":15.95873,"p(90)":49.775165799999996,"p(95)":87.1411058,"p(99)":237.97618468000007,"max":704.758849,"avg":28.323678669202256,"min":5.389411}},"http_req_waiting":{"type":"trend","contains":"time","values":{"p(95)":86.8630518,"p(99)":237.91283388000002,"max":703.399622,"avg":28.207121122024503,"min":5.340737,"med":15.84793,"p(90)":49.579866}},"data_received":{"type":"counter","contains":"data","values":{"count":43307394,"rate":1443188.5179183937}},"http_req_connecting":{"type":"trend","contains":"time","values":{"avg":0.021736988447570906,"min":0,"med":0,"p(90)":0,"p(95)":0,"p(99)":0.06092112000000046,"max":86.495047}},"data_sent":{"type":"counter","contains":"data","values":{"count":13443127,"rate":447982.77475016715}},"vus":{"contains":"default","values":{"min":100,"max":100,"value":100},"type":"gauge"}},"root_group":{"id":"d41d8cd98f00b204e9800998ecf8427e","groups":[],"checks":[{"path":"::status < 500","id":"742a39bb408e90b9d42e838ebcdbe518","passes":104913,"fails":0,"name":"status < 500"}],"name":"","path":""}}