{"root_group":{"id":"d41d8cd98f00b204e9800998ecf8427e","groups":[],"checks":[{"id":"742a39bb408e90b9d42e838ebcdbe518","passes":470848,"fails":0,"name":"status < 500","path":"::status < 500"}],"name":"","path":""},"options":{"summaryTrendStats":["avg","min","med","p(90)","p(95)","p(99)","max"],"summaryTimeUnit":"","noColor":false},"state":{"isStdOutTTY":false,"isStdErrTTY":false,"testRunDurationMs":60005.958392},"metrics":{"http_req_tls_handshaking":{"type":"trend","contains":"time","values":{"med":0,"p(90)":0,"p(95)":0,"p(99)":0,"max":0,"avg":0,"min":0}},"http_req_blocked":{"contains":"time","values":{"min":0.00084,"med":0.00256,"p(90)":0.004234,"p(95)":0.007829,"p(99)":0.22129192999999453,"max":65.487619,"avg":0.03970929920908727},"type":"trend"},"http_reqs":{"type":"counter","contains":"default","values":{"count":470848,"rate":7846.687439338916}},"http_req_receiving":{"type":"trend","contains":"time","values":{"p(90)":0.06367729999999999,"p(95)":0.1552651499999996,"p(99)":1.4252866499999939,"max":115.197881,"avg":0.09383371202171312,"min":0.006815,"med":0.0193255}},"iterations":{"type":"counter","contains":"default","values":{"rate":7846.687439338916,"count":470848}},"vus":{"type":"gauge","contains":"default","values":{"max":100,"value":100,"min":100}},"vus_max":{"type":"gauge","contains":"default","values":{"value":100,"min":100,"max":100}},"server_errors":{"type":"rate","contains":"default","values":{"rate":0,"passes":0,"fails":470848}},"http_req_failed":{"type":"rate","contains":"default","values":{"fails":470848,"rate":0,"passes":0}},"iteration_duration":{"type":"trend","contains":"time","values":{"p(90)":22.186722999999997,"p(95)":27.165666049999984,"p(99)":40.101708679999994,"max":145.214076,"avg":12.721160868422169,"min":5.26187,"med":10.276003}},"http_req_sending":{"type":"trend","contains":"time","values":{"p(90)":0.017009299999999988,"p(95)":0.037124,"p(99)":0.6062882899999912,"max":97.340514,"avg":0.06183350254222263,"min":0.002302,"med":0.007847}},"http_req_connecting":{"type":"trend","contains":"time","values":{"p(90)":0,"p(95)":0,"p(99)":0.05141126999999821,"max":65.324917,"avg":0.03305679946606974,"min":0,"med":0}},"http_req_duration":{"type":"trend","contains":"time","values":{"avg":12.448495968219072,"min":5.184883,"med":10.0541845,"p(90)":21.7628716,"p(95)":26.650628849999954,"p(99)":39.1970095,"max":145.085349}},"http_req_duration{expected_response:true}":{"type":"trend","contains":"time","values":{"p(95)":26.650628849999954,"p(99)":39.1970095,"max":145.085349,"avg":12.448495968219072,"min":5.184883,"med":10.0541845,"p(90)":21.7628716}},"checks":{"contains":"default","values":{"rate":1,"passes":470848,"fails":0},"type":"rate"},"data_sent":{"contains":"data","values":{"rate":1005574.0565930966,"count":60340435},"type":"counter"},"data_received":{"values":{"count":206208477,"rate":3436466.686406458},"type":"counter","contains":"data"},"http_req_waiting":{"type":"trend","contains":"time","values":{"max":143.303347,"avg":12.292828753655536,"min":5.163614,"med":9.9340555,"p(90)":21.4775612,"p(95)":26.325689549999993,"p(99)":38.568557939999906}}}}