{"options":{"summaryTrendStats":["avg","min","med","p(90)","p(95)","p(99)","max"],"summaryTimeUnit":"","noColor":false},"state":{"isStdErrTTY":false,"testRunDurationMs":30012.87783,"isStdOutTTY":false},"metrics":{"vus_max":{"contains":"default","values":{"value":100,"min":100,"max":100},"type":"gauge"},"http_req_tls_handshaking":{"contains":"time","values":{"avg":0,"min":0,"med":0,"p(90)":0,"p(95)":0,"p(99)":0,"max":0},"type":"trend"},"http_req_failed":{"type":"rate","contains":"default","values":{"fails":119437,"rate":0,"passes":0}},"http_req_duration{expected_response:true}":{"values":{"max":785.532163,"avg":24.872351456725642,"min":5.32718,"med":17.867734,"p(90)":45.58063800000001,"p(95)":63.22698159999994,"p(99)":112.41399667999998},"type":"trend","contains":"time"},"http_req_waiting":{"values":{"max":785.489812,"avg":24.76096455607576,"min":5.306916,"med":17.760699,"p(90)":45.408401,"p(95)":63.123069199999996,"p(99)":112.35899316},"type":"trend","contains":"time"},"http_req_connecting":{"type":"trend","contains":"time","values":{"avg":0.02481544271038287,"min":0,"med":0,"p(90)":0,"p(95)":0,"p(99)":0.06012171999999982,"max":39.406135}},"data_sent":{"contains":"data","values":{"count":15305505,"rate":509964.59208923514},"type":"counter"},"server_errors":{"type":"rate","contains":"default","values":{"fails":119437,"rate":0,"passes":0}},"http_reqs":{"type":"counter","contains":"default","values":{"count":119437,"rate":3979.525078418646}},"checks":{"type":"rate","contains":"default","values":{"rate":1,"passes":119437,"fails":0}},"data_received":{"type":"counter","contains":"data","values":{"count":49388818,"rate":1645587.546777416}},"iterations":{"type":"counter","contains":"default","values":{"count":119437,"rate":3979.525078418646}},"iteration_duration":{"type":"trend","contains":"time","values":{"max":785.654777,"avg":25.092546299857332,"min":5.41398,"med":18.080684,"p(90)":45.87915920000001,"p(95)":63.54882539999996,"p(99)":112.62237947999999}},"vus":{"type":"gauge","contains":"default","values":{"value":100,"min":100,"max":100}},"http_req_duration":{"type":"trend","contains":"time","values":{"p(95)":63.22698159999994,"p(99)":112.41399667999998,"max":785.532163,"avg":24.872351456725642,"min":5.32718,"med":17.867734,"p(90)":45.58063800000001}},"http_req_blocked":{"contains":"time","values":{"p(99)":0.14025432,"max":39.441976,"avg":0.03188435586124941,"min":0.000867,"med":0.002628,"p(90)":0.003957,"p(95)":0.005755399999999994},"type":"trend"},"http_req_sending":{"type":"trend","contains":"time","values":{"max":44.056139,"avg":0.036072084178269494,"min":0.002589,"med":0.008168,"p(90)":0.015925,"p(95)":0.023158399999999996,"p(99)":0.3123128799999999}},"http_req_receiving":{"type":"trend","contains":"time","values":{"med":0.021317,"p(90)":0.04103040000000001,"p(95)":0.06856979999999997,"p(99)":0.898056199999999,"max":70.351239,"avg":0.07531481647228323,"min":0.007733}}},"root_group":{"name":"","path":"","id":"d41d8cd98f00b204e9800998ecf8427e","groups":[],"checks":[{"fails":0,"name":"status < 500","path":"::status < 500","id":"742a39bb408e90b9d42e838ebcdbe518","passes":119437}]}}