{"root_group":{"name":"","path":"","id":"d41d8cd98f00b204e9800998ecf8427e","groups":[],"checks":[{"fails":0,"name":"status < 500","path":"::status < 500","id":"742a39bb408e90b9d42e838ebcdbe518","passes":459079}]},"options":{"summaryTrendStats":["avg","min","med","p(90)","p(95)","p(99)","max"],"summaryTimeUnit":"","noColor":false},"state":{"isStdOutTTY":false,"isStdErrTTY":false,"testRunDurationMs":60006.102211},"metrics":{"http_req_blocked":{"type":"trend","contains":"time","values":{"max":64.262397,"avg":0.04022900369871062,"min":0.000809,"med":0.002628,"p(90)":0.004393,"p(95)":0.008111,"p(99)":0.22265969999999202}},"vus_max":{"type":"gauge","contains":"default","values":{"value":100,"min":100,"max":100}},"http_req_tls_handshaking":{"type":"trend","contains":"time","values":{"min":0,"med":0,"p(90)":0,"p(95)":0,"p(99)":0,"max":0,"avg":0}},"server_errors":{"values":{"rate":0,"passes":0,"fails":459079},"type":"rate","contains":"default"},"checks":{"type":"rate","contains":"default","values":{"rate":1,"passes":459079,"fails":0}},"http_req_failed":{"type":"rate","contains":"default","values":{"rate":0,"passes":0,"fails":459079}},"data_sent":{"type":"counter","contains":"data","values":{"count":58840397,"rate":980573.5555543832}},"http_req_sending":{"type":"trend","contains":"time","values":{"p(95)":0.03713849999999988,"p(99)":0.6442248199999907,"max":59.949764,"avg":0.06462462929474126,"min":0.002367,"med":0.008095,"p(90)":0.017738}},"http_req_connecting":{"type":"trend","contains":"time","values":{"min":0,"med":0,"p(90)":0,"p(95)":0,"p(99)":0.05163631999999844,"max":47.364071,"avg":0.03285533349597782}},"iterations":{"type":"counter","contains":"default","values":{"count":459079,"rate":7650.538579988688}},"http_req_duration{expected_response:true}":{"contains":"time","values":{"med":10.23882,"p(90)":22.835061800000002,"p(95)":27.86858599999999,"p(99)":39.116103659999936,"max":157.776907,"avg":12.768377437410436,"min":5.175987},"type":"trend"},"vus":{"type":"gauge","contains":"default","values":{"value":100,"min":100,"max":100}},"iteration_duration":{"type":"trend","contains":"time","values":{"p(95)":28.3640877,"p(99)":40.10397139999996,"max":234.117203,"avg":13.041481751591624,"min":5.234374,"med":10.469489,"p(90)":23.236981800000002}},"http_req_receiving":{"type":"trend","contains":"time","values":{"p(95)":0.16022549999999988,"p(99)":1.430366219999947,"max":138.453739,"avg":0.09516585775868648,"min":0.006652,"med":0.020106,"p(90)":0.065249}},"http_reqs":{"type":"counter","contains":"default","values":{"count":459079,"rate":7650.538579988688}},"http_req_duration":{"type":"trend","contains":"time","values":{"p(95)":27.86858599999999,"p(99)":39.116103659999936,"max":157.776907,"avg":12.768377437410436,"min":5.175987,"med":10.23882,"p(90)":22.835061800000002}},"data_received":{"type":"counter","contains":"data","values":{"count":200610155,"rate":3343162.5719429785}},"http_req_waiting":{"type":"trend","contains":"time","values":{"med":10.114878,"p(90)":22.560870400000002,"p(95)":27.518350499999997,"p(99)":38.53889623999999,"max":153.950189,"avg":12.60858695035714,"min":5.158617}}}}