{"root_group":{"groups":[],"checks":[{"name":"status < 500","path":"::status < 500","id":"742a39bb408e90b9d42e838ebcdbe518","passes":115324,"fails":0}],"name":"","path":"","id":"d41d8cd98f00b204e9800998ecf8427e"},"options":{"summaryTrendStats":["avg","min","med","p(90)","p(95)","p(99)","max"],"summaryTimeUnit":"","noColor":false},"state":{"isStdOutTTY":false,"isStdErrTTY":false,"testRunDurationMs":30013.908908},"metrics":{"data_received":{"contains":"data","values":{"count":47600355,"rate":1585943.2087272196},"type":"counter"},"checks":{"type":"rate","contains":"default","values":{"fails":0,"rate":1,"passes":115324}},"data_sent":{"contains":"data","values":{"count":14758259,"rate":491713.9931768863},"type":"counter"},"http_req_receiving":{"type":"trend","contains":"time","values":{"p(90)":0.042612699999999996,"p(95)":0.07912679999999993,"p(99)":1.03214413000001,"max":69.424694,"avg":0.08153870010578945,"min":0.006767,"med":0.022151}},"http_req_blocked":{"type":"trend","contains":"time","values":{"avg":0.02887048238007713,"min":0.000882,"med":0.002657,"p(90)":0.003995,"p(95)":0.006364699999999983,"p(99)":0.1318129600000002,"max":65.020946}},"iterations":{"type":"counter","contains":"default","values":{"count":115324,"rate":3842.351902696059}},"http_req_connecting":{"type":"trend","contains":"time","values":{"min":0,"med":0,"p(90)":0,"p(95)":0,"p(99)":0.060860630000000485,"max":64.977618,"avg":0.02217560594498977}},"server_errors":{"type":"rate","contains":"default","values":{"rate":0,"passes":0,"fails":115324}},"iteration_duration":{"type":"trend","contains":"time","values":{"p(99)":111.27849777000056,"max":925.114379,"avg":25.99837373123573,"min":5.494987,"med":18.935120499999996,"p(90)":48.230049199999996,"p(95)":66.62805359999997}},"http_reqs":{"type":"counter","contains":"default","values":{"count":115324,"rate":3842.351902696059}},"http_req_tls_handshaking":{"contains":"time","values":{"p(99)":0,"max":0,"avg":0,"min":0,"med":0,"p(90)":0,"p(95)":0},"type":"trend"},"http_req_waiting":{"type":"trend","contains":"time","values":{"p(90)":47.75282919999998,"p(95)":66.21324694999998,"p(99)":110.91562424000006,"max":922.365732,"avg":25.641442496643783,"min":5.370343,"med":18.582240499999997}},"vus_max":{"contains":"default","values":{"value":100,"min":100,"max":100},"type":"gauge"},"http_req_duration":{"values":{"avg":25.761460542479853,"min":5.403745,"med":18.697432499999998,"p(90)":47.9351011,"p(95)":66.3500842,"p(99)":111.03937492000006,"max":922.596412},"type":"trend","contains":"time"},"http_req_duration{expected_response:true}":{"values":{"p(90)":47.9351011,"p(95)":66.3500842,"p(99)":111.03937492000006,"max":922.596412,"avg":25.761460542479853,"min":5.403745,"med":18.697432499999998},"type":"trend","contains":"time"},"http_req_sending":{"type":"trend","contains":"time","values":{"avg":0.03847934573029006,"min":0.002564,"med":0.008292,"p(90)":0.016107,"p(95)":0.023485849999999992,"p(99)":0.31601839000000004,"max":54.338647}},"http_req_failed":{"type":"rate","contains":"default","values":{"rate":0,"passes":0,"fails":115324}},"vus":{"type":"gauge","contains":"default","values":{"value":100,"min":100,"max":100}}}}