{"options":{"summaryTrendStats":["avg","min","med","p(90)","p(95)","p(99)","max"],"summaryTimeUnit":"","noColor":false},"state":{"testRunDurationMs":60030.007973,"isStdOutTTY":false,"isStdErrTTY":false},"metrics":{"http_req_waiting":{"type":"trend","contains":"time","values":{"p(90)":21.5383735,"p(95)":27.09637725,"p(99)":39.5628906,"max":120.213342,"avg":12.17187731948031,"min":5.181319,"med":9.6546635}},"http_req_receiving":{"type":"trend","contains":"time","values":{"avg":0.09419731284672762,"min":0.00665,"med":0.019599,"p(90)":0.063558,"p(95)":0.1554415,"p(99)":1.381287200000016,"max":103.493079}},"vus_max":{"type":"gauge","contains":"default","values":{"value":100,"min":100,"max":100}},"http_req_duration":{"type":"trend","contains":"time","values":{"avg":12.332570155351156,"min":5.20299,"med":9.769797,"p(90)":21.8668345,"p(95)":27.5178155,"p(99)":40.06861200000014,"max":136.880685}},"http_req_sending":{"type":"trend","contains":"time","values":{"avg":0.0664955230240182,"min":0.002426,"med":0.0079,"p(90)":0.01758,"p(95)":0.036790250000000004,"p(99)":0.6489739000000004,"max":83.69225}},"data_sent":{"type":"counter","contains":"data","values":{"count":60883283,"rate":1014214.1414904323}},"http_req_blocked":{"type":"trend","contains":"time","values":{"p(95)":0.007968,"p(99)":0.22604130000000294,"max":74.56032,"avg":0.043870203827796994,"min":0.000859,"med":0.002576,"p(90)":0.004261}},"server_errors":{"values":{"rate":0,"passes":0,"fails":475156},"type":"rate","contains":"default"},"http_reqs":{"type":"counter","contains":"default","values":{"count":475156,"rate":7915.307960873724}},"http_req_connecting":{"type":"trend","contains":"time","values":{"max":74.302634,"avg":0.03660951690602677,"min":0,"med":0,"p(90)":0,"p(95)":0,"p(99)":0.05267230000000249}},"http_req_tls_handshaking":{"type":"trend","contains":"time","values":{"p(95)":0,"p(99)":0,"max":0,"avg":0,"min":0,"med":0,"p(90)":0}},"checks":{"type":"rate","contains":"default","values":{"rate":1,"passes":475156,"fails":0}},"data_received":{"type":"counter","contains":"data","values":{"count":207717451,"rate":3460226.943388482}},"http_req_duration{expected_response:true}":{"type":"trend","contains":"time","values":{"p(90)":21.8668345,"p(95)":27.5178155,"p(99)":40.06861200000014,"max":136.880685,"avg":12.332570155351156,"min":5.20299,"med":9.769797}},"iterations":{"contains":"default","values":{"rate":7915.307960873724,"count":475156},"type":"counter"},"http_req_failed":{"type":"rate","contains":"default","values":{"rate":0,"passes":0,"fails":475156}},"vus":{"type":"gauge","contains":"default","values":{"value":100,"min":100,"max":100}},"iteration_duration":{"type":"trend","contains":"time","values":{"med":9.988692,"p(90)":22.310732,"p(95)":28.078933749999997,"p(99)":41.07395355000002,"max":137.423321,"avg":12.610808326463143,"min":5.270908}}},"root_group":{"checks":[{"id":"742a39bb408e90b9d42e838ebcdbe518","passes":475156,"fails":0,"name":"status < 500","path":"::status < 500"}],"name":"","path":"","id":"d41d8cd98f00b204e9800998ecf8427e","groups":[]}}