{"state":{"isStdOutTTY":false,"isStdErrTTY":false,"testRunDurationMs":60009.796521},"metrics":{"http_req_tls_handshaking":{"type":"trend","contains":"time","values":{"min":0,"med":0,"p(90)":0,"p(95)":0,"p(99)":0,"max":0,"avg":0}},"http_req_receiving":{"type":"trend","contains":"time","values":{"med":0.01973,"p(90)":0.063902,"p(95)":0.1538745,"p(99)":1.362400699999993,"max":57.897151,"avg":0.09276825152435342,"min":0.006574}},"iteration_duration":{"type":"trend","contains":"time","values":{"min":5.281681,"med":10.202382,"p(90)":22.585999,"p(95)":28.1571275,"p(99)":41.56787479999999,"max":265.453462,"avg":12.748828882968091}},"http_req_duration":{"contains":"time","values":{"med":9.982955,"p(90)":22.141505,"p(95)":27.611150000000002,"p(99)":40.54704499999998,"max":265.320287,"avg":12.472105968821213,"min":5.201349},"type":"trend"},"vus_max":{"type":"gauge","contains":"default","values":{"value":100,"min":100,"max":100}},"http_req_waiting":{"type":"trend","contains":"time","values":{"p(90)":21.852234,"p(95)":27.256933,"p(99)":39.9716616,"max":265.27786,"avg":12.315103036118414,"min":5.178148,"med":9.855945}},"data_sent":{"type":"counter","contains":"data","values":{"count":60206366,"rate":1003275.6231548163}},"data_received":{"values":{"count":205526789,"rate":3424887.2836633828},"type":"counter","contains":"data"},"http_reqs":{"type":"counter","contains":"default","values":{"count":469871,"rate":7829.904902869851}},"vus":{"type":"gauge","contains":"default","values":{"value":100,"min":100,"max":100}},"server_errors":{"type":"rate","contains":"default","values":{"rate":0,"passes":0,"fails":469871}},"http_req_failed":{"type":"rate","contains":"default","values":{"rate":0,"passes":0,"fails":469871}},"iterations":{"type":"counter","contains":"default","values":{"count":469871,"rate":7829.904902869851}},"checks":{"type":"rate","contains":"default","values":{"rate":1,"passes":469871,"fails":0}},"http_req_blocked":{"values":{"max":248.470943,"avg":0.03998100445654349,"min":0.000855,"med":0.002571,"p(90)":0.00423,"p(95)":0.007804500000000001,"p(99)":0.22338529999999987},"type":"trend","contains":"time"},"http_req_duration{expected_response:true}":{"type":"trend","contains":"time","values":{"avg":12.472105968821213,"min":5.201349,"med":9.982955,"p(90)":22.141505,"p(95)":27.611150000000002,"p(99)":40.54704499999998,"max":265.320287}},"http_req_sending":{"type":"trend","contains":"time","values":{"max":64.74341,"avg":0.06423468117845166,"min":0.002407,"med":0.00793,"p(90)":0.017439,"p(95)":0.037758,"p(99)":0.6299722999999974}},"http_req_connecting":{"type":"trend","contains":"time","values":{"p(99)":0.05228639999999816,"max":59.560327,"avg":0.0323914784440835,"min":0,"med":0,"p(90)":0,"p(95)":0}}},"root_group":{"checks":[{"name":"status < 500","path":"::status < 500","id":"742a39bb408e90b9d42e838ebcdbe518","passes":469871,"fails":0}],"name":"","path":"","id":"d41d8cd98f00b204e9800998ecf8427e","groups":[]},"options":{"noColor":false,"summaryTrendStats":["avg","min","med","p(90)","p(95)","p(99)","max"],"summaryTimeUnit":""}}