{"root_group":{"name":"","path":"","id":"d41d8cd98f00b204e9800998ecf8427e","groups":[],"checks":[{"id":"742a39bb408e90b9d42e838ebcdbe518","passes":103503,"fails":0,"name":"status < 500","path":"::status < 500"}]},"options":{"summaryTrendStats":["avg","min","med","p(90)","p(95)","p(99)","max"],"summaryTimeUnit":"","noColor":false},"state":{"isStdOutTTY":false,"isStdErrTTY":false,"testRunDurationMs":30010.083968},"metrics":{"http_req_waiting":{"type":"trend","contains":"time","values":{"med":16.202577,"p(90)":48.52420460000001,"p(95)":91.1739267,"p(99)":236.88280916,"max":571.950243,"avg":28.606759077437143,"min":5.33352}},"iteration_duration":{"type":"trend","contains":"time","values":{"med":16.542793,"p(90)":49.211318000000006,"p(95)":91.49838899999997,"p(99)":237.11167797999983,"max":572.13618,"avg":28.957542822062877,"min":5.456142}},"http_req_failed":{"type":"rate","contains":"default","values":{"rate":0,"passes":0,"fails":103503}},"data_sent":{"type":"counter","contains":"data","values":{"count":13231263,"rate":440893.9013335852}},"http_req_tls_handshaking":{"type":"trend","contains":"time","values":{"p(90)":0,"p(95)":0,"p(99)":0,"max":0,"avg":0,"min":0,"med":0}},"http_req_duration{expected_response:true}":{"type":"trend","contains":"time","values":{"p(90)":48.76408060000001,"p(95)":91.254882,"p(99)":236.93525599999995,"max":571.997672,"avg":28.727228892659806,"min":5.401733,"med":16.320367}},"vus_max":{"type":"gauge","contains":"default","values":{"value":100,"min":100,"max":100}},"http_req_receiving":{"type":"trend","contains":"time","values":{"max":110.03706,"avg":0.07999999854110505,"min":0.007326,"med":0.020039,"p(90)":0.0424198,"p(95)":0.10094699999999943,"p(99)":1.0503883999999961}},"iterations":{"values":{"count":103503,"rate":3448.940699744996},"type":"counter","contains":"default"},"checks":{"type":"rate","contains":"default","values":{"rate":1,"passes":103503,"fails":0}},"http_req_blocked":{"type":"trend","contains":"time","values":{"max":36.517371,"avg":0.03233409256736547,"min":0.000874,"med":0.002568,"p(90)":0.003799,"p(95)":0.005092599999999977,"p(99)":0.1484082599999976}},"http_req_connecting":{"type":"trend","contains":"time","values":{"min":0,"med":0,"p(90)":0,"p(95)":0,"p(99)":0.0622280399999996,"max":35.676701,"avg":0.025070373225896826}},"server_errors":{"type":"rate","contains":"default","values":{"rate":0,"passes":0,"fails":103503}},"data_received":{"values":{"count":42637772,"rate":1420781.4961619237},"type":"counter","contains":"data"},"http_reqs":{"values":{"count":103503,"rate":3448.940699744996},"type":"counter","contains":"default"},"vus":{"type":"gauge","contains":"default","values":{"min":100,"max":100,"value":100}},"http_req_sending":{"type":"trend","contains":"time","values":{"p(95)":0.023769399999999965,"p(99)":0.36145089999999896,"max":42.117885,"avg":0.040469816681642505,"min":0.002362,"med":0.008027,"p(90)":0.015700600000000006}},"http_req_duration":{"type":"trend","contains":"time","values":{"max":571.997672,"avg":28.727228892659806,"min":5.401733,"med":16.320367,"p(90)":48.76408060000001,"p(95)":91.254882,"p(99)":236.93525599999995}}}}