{"options":{"summaryTrendStats":["avg","min","med","p(90)","p(95)","p(99)","max"],"summaryTimeUnit":"","noColor":false},"state":{"isStdErrTTY":false,"testRunDurationMs":60009.344051,"isStdOutTTY":false},"metrics":{"http_req_sending":{"type":"trend","contains":"time","values":{"avg":0.028161302234707572,"min":0.002741,"med":0.00772,"p(90)":0.014634,"p(95)":0.022584000000000028,"p(99)":0.27384924000000027,"max":37.623926}},"vus":{"type":"gauge","contains":"default","values":{"value":100,"min":100,"max":100}},"checks":{"type":"rate","contains":"default","values":{"rate":1,"passes":164809,"fails":0}},"http_reqs":{"type":"counter","contains":"default","values":{"count":164809,"rate":2746.3889600248617}},"http_req_blocked":{"type":"trend","contains":"time","values":{"avg":0.013077968933734977,"min":0.000836,"med":0.002426,"p(90)":0.003565,"p(95)":0.004450600000000006,"p(99)":0.12139752000000135,"max":25.145082}},"http_req_tls_handshaking":{"type":"trend","contains":"time","values":{"med":0,"p(90)":0,"p(95)":0,"p(99)":0,"max":0,"avg":0,"min":0}},"vus_max":{"type":"gauge","contains":"default","values":{"min":100,"max":100,"value":100}},"data_received":{"type":"counter","contains":"data","values":{"count":68883815,"rate":1147884.8184285746}},"http_req_duration{expected_response:true}":{"contains":"time","values":{"med":17.480357,"p(90)":79.06607220000001,"p(95)":85.430381,"p(99)":100.02017312,"max":215.999059,"avg":36.19629192503433,"min":5.353178},"type":"trend"},"data_sent":{"type":"counter","contains":"data","values":{"rate":351624.040117272,"count":21100728}},"http_req_duration":{"values":{"max":215.999059,"avg":36.19629192503433,"min":5.353178,"med":17.480357,"p(90)":79.06607220000001,"p(95)":85.430381,"p(99)":100.02017312},"type":"trend","contains":"time"},"http_req_waiting":{"type":"trend","contains":"time","values":{"p(90)":78.94564120000001,"p(95)":85.28786200000005,"p(99)":99.82951364000003,"max":215.952893,"avg":36.106382199601406,"min":5.320246,"med":17.379056}},"server_errors":{"type":"rate","contains":"default","values":{"rate":0,"passes":0,"fails":164809}},"http_req_receiving":{"type":"trend","contains":"time","values":{"max":42.258245,"avg":0.06174842319897673,"min":0.007158,"med":0.018988,"p(90)":0.03921760000000003,"p(95)":0.074042,"p(99)":0.7988418000000095}},"iteration_duration":{"type":"trend","contains":"time","values":{"avg":36.380683853916196,"min":5.445574,"med":17.66939,"p(90)":79.26173320000001,"p(95)":85.65225980000001,"p(99)":100.31549660000016,"max":216.083699}},"http_req_connecting":{"values":{"p(99)":0.05537132000000123,"max":25.090497,"avg":0.007140439708996479,"min":0,"med":0,"p(90)":0,"p(95)":0},"type":"trend","contains":"time"},"iterations":{"type":"counter","contains":"default","values":{"count":164809,"rate":2746.3889600248617}},"http_req_failed":{"values":{"rate":0,"passes":0,"fails":164809},"type":"rate","contains":"default"}},"root_group":{"name":"","path":"","id":"d41d8cd98f00b204e9800998ecf8427e","groups":[],"checks":[{"fails":0,"name":"status < 500","path":"::status < 500","id":"742a39bb408e90b9d42e838ebcdbe518","passes":164809}]}}