{"state":{"isStdOutTTY":false,"isStdErrTTY":false,"testRunDurationMs":30070.180004},"metrics":{"http_req_sending":{"type":"trend","contains":"time","values":{"max":30.040211,"avg":0.024754931640137756,"min":0.002739,"med":0.008368,"p(90)":0.017531700000000004,"p(95)":0.026039799999999988,"p(99)":0.22531271000000072}},"data_received":{"values":{"count":16361155,"rate":544099.0043233397},"type":"counter","contains":"data"},"http_reqs":{"type":"counter","contains":"default","values":{"count":40082,"rate":1332.9484557348244}},"http_req_blocked":{"values":{"max":9.231342,"avg":0.019646694077141872,"min":0.000931,"med":0.002611,"p(90)":0.003632,"p(95)":0.004539,"p(99)":0.1274091300000017},"type":"trend","contains":"time"},"http_req_waiting":{"type":"trend","contains":"time","values":{"p(95)":197.8957916499999,"p(99)":308.1738927900003,"max":900.564764,"avg":74.70970521211582,"min":5.431984,"med":77.339426,"p(90)":139.51145740000052}},"data_sent":{"type":"counter","contains":"data","values":{"count":5140962,"rate":170965.45478996594}},"vus":{"type":"gauge","contains":"default","values":{"value":100,"min":100,"max":100}},"vus_max":{"type":"gauge","contains":"default","values":{"value":100,"min":100,"max":100}},"server_errors":{"contains":"default","values":{"rate":0,"passes":0,"fails":40082},"type":"rate"},"iteration_duration":{"contains":"time","values":{"p(90)":139.76350090000014,"p(95)":198.04756824999998,"p(99)":308.43355994,"max":900.838843,"avg":74.97292314916831,"min":5.527937,"med":77.59871050000001},"type":"trend"},"iterations":{"contains":"default","values":{"count":40082,"rate":1332.9484557348244},"type":"counter"},"http_req_failed":{"type":"rate","contains":"default","values":{"fails":40082,"rate":0,"passes":0}},"checks":{"type":"rate","contains":"default","values":{"rate":1,"passes":40082,"fails":0}},"http_req_duration{expected_response:true}":{"type":"trend","contains":"time","values":{"min":5.461737,"med":77.421432,"p(90)":139.6517820000001,"p(95)":197.93423299999986,"p(99)":308.22097490000033,"max":900.597703,"avg":74.79012420505451}},"http_req_receiving":{"contains":"time","values":{"max":34.673955,"avg":0.05566406129933654,"min":0.008137,"med":0.023266,"p(90)":0.04383540000000001,"p(95)":0.07549669999999946,"p(99)":0.5419326000000045},"type":"trend"},"http_req_connecting":{"type":"trend","contains":"time","values":{"p(90)":0,"p(95)":0,"p(99)":0.069192890000001,"max":9.174203,"avg":0.005566388378823408,"min":0,"med":0}},"http_req_duration":{"contains":"time","values":{"med":77.421432,"p(90)":139.6517820000001,"p(95)":197.93423299999986,"p(99)":308.22097490000033,"max":900.597703,"avg":74.79012420505451,"min":5.461737},"type":"trend"},"http_req_tls_handshaking":{"contains":"time","values":{"min":0,"med":0,"p(90)":0,"p(95)":0,"p(99)":0,"max":0,"avg":0},"type":"trend"}},"root_group":{"path":"","id":"d41d8cd98f00b204e9800998ecf8427e","groups":[],"checks":[{"name":"status < 500","path":"::status < 500","id":"742a39bb408e90b9d42e838ebcdbe518","passes":40082,"fails":0}],"name":""},"options":{"summaryTrendStats":["avg","min","med","p(90)","p(95)","p(99)","max"],"summaryTimeUnit":"","noColor":false}}