{"root_group":{"name":"","path":"","id":"d41d8cd98f00b204e9800998ecf8427e","groups":[],"checks":[{"passes":39248,"fails":0,"name":"status < 500","path":"::status < 500","id":"742a39bb408e90b9d42e838ebcdbe518"}]},"options":{"summaryTrendStats":["avg","min","med","p(90)","p(95)","p(99)","max"],"summaryTimeUnit":"","noColor":false},"state":{"isStdOutTTY":false,"isStdErrTTY":false,"testRunDurationMs":30063.548133},"metrics":{"http_req_duration{expected_response:true}":{"type":"trend","contains":"time","values":{"med":74.00944150000001,"p(90)":182.95355480000006,"p(95)":222.28624280000002,"p(99)":344.991703769999,"max":1089.564298,"avg":76.35957231244832,"min":5.538892}},"http_req_blocked":{"type":"trend","contains":"time","values":{"p(99)":0.13190971999999998,"max":13.862839,"avg":0.018540411511414567,"min":0.000933,"med":0.002596,"p(90)":0.003569300000000003,"p(95)":0.004401300000000003}},"data_sent":{"values":{"count":5034064,"rate":167447.43427254463},"type":"counter","contains":"data"},"data_received":{"values":{"count":16026135,"rate":533075.3019936631},"type":"counter","contains":"data"},"http_req_failed":{"contains":"default","values":{"rate":0,"passes":0,"fails":39248},"type":"rate"},"http_req_connecting":{"type":"trend","contains":"time","values":{"p(99)":0.06964186999999955,"max":13.838629,"avg":0.011935236980228296,"min":0,"med":0,"p(90)":0,"p(95)":0}},"iteration_duration":{"type":"trend","contains":"time","values":{"min":5.629433,"med":74.1768215,"p(90)":183.11529410000003,"p(95)":222.6531270000003,"p(99)":345.07905521999896,"max":1089.671909,"avg":76.53985604912332}},"vus":{"values":{"value":100,"min":100,"max":100},"type":"gauge","contains":"default"},"server_errors":{"type":"rate","contains":"default","values":{"passes":0,"fails":39248,"rate":0}},"http_req_tls_handshaking":{"type":"trend","contains":"time","values":{"med":0,"p(90)":0,"p(95)":0,"p(99)":0,"max":0,"avg":0,"min":0}},"http_req_receiving":{"type":"trend","contains":"time","values":{"avg":0.052047098476355726,"min":0.008372,"med":0.02255,"p(90)":0.042511800000000016,"p(95)":0.061222550000000014,"p(99)":0.4659127599999993,"max":28.154406}},"http_req_duration":{"type":"trend","contains":"time","values":{"p(99)":344.991703769999,"max":1089.564298,"avg":76.35957231244832,"min":5.538892,"med":74.00944150000001,"p(90)":182.95355480000006,"p(95)":222.28624280000002}},"http_req_waiting":{"type":"trend","contains":"time","values":{"avg":76.28273625405062,"min":5.497504,"med":73.9295875,"p(90)":182.83110160000012,"p(95)":222.24319850000003,"p(99)":344.96923966999896,"max":1089.517833}},"http_req_sending":{"type":"trend","contains":"time","values":{"avg":0.024788959921524616,"min":0.002832,"med":0.008240500000000001,"p(90)":0.0170293,"p(95)":0.023633950000000063,"p(99)":0.2025637399999997,"max":26.224161}},"iterations":{"type":"counter","contains":"default","values":{"count":39248,"rate":1305.5012610743192}},"vus_max":{"values":{"value":100,"min":100,"max":100},"type":"gauge","contains":"default"},"checks":{"type":"rate","contains":"default","values":{"rate":1,"passes":39248,"fails":0}},"http_reqs":{"type":"counter","contains":"default","values":{"count":39248,"rate":1305.5012610743192}}}}