{"options":{"summaryTimeUnit":"","noColor":false,"summaryTrendStats":["avg","min","med","p(90)","p(95)","p(99)","max"]},"state":{"isStdOutTTY":false,"isStdErrTTY":false,"testRunDurationMs":60010.987914},"metrics":{"http_req_blocked":{"type":"trend","contains":"time","values":{"p(95)":0.007862,"p(99)":0.21839554999999894,"max":93.719066,"avg":0.041003326138791193,"min":0.000855,"med":0.002545,"p(90)":0.004174}},"server_errors":{"type":"rate","contains":"default","values":{"rate":0,"passes":0,"fails":490696}},"iteration_duration":{"type":"trend","contains":"time","values":{"med":9.783995,"p(90)":21.404477,"p(95)":26.655194,"p(99)":38.142453149999994,"max":507.088636,"avg":12.205635569972424,"min":5.260399}},"vus":{"type":"gauge","contains":"default","values":{"value":100,"min":100,"max":100}},"iterations":{"type":"counter","contains":"default","values":{"count":490696,"rate":8176.769239379998}},"http_req_waiting":{"type":"trend","contains":"time","values":{"max":272.508842,"avg":11.780274859489264,"min":5.162408,"med":9.453823499999999,"p(90)":20.6664035,"p(95)":25.7442545,"p(99)":36.5573652}},"http_req_failed":{"type":"rate","contains":"default","values":{"rate":0,"passes":0,"fails":490696}},"data_received":{"type":"counter","contains":"data","values":{"count":215206393,"rate":3586116.484341268}},"data_sent":{"type":"counter","contains":"data","values":{"count":62864145,"rate":1047543.9112931915}},"http_req_tls_handshaking":{"contains":"time","values":{"p(99)":0,"max":0,"avg":0,"min":0,"med":0,"p(90)":0,"p(95)":0},"type":"trend"},"http_req_duration{expected_response:true}":{"type":"trend","contains":"time","values":{"min":5.185897,"med":9.5718505,"p(90)":20.966756500000002,"p(95)":26.0881725,"p(99)":37.09503335,"max":272.546629,"avg":11.93354591966941}},"vus_max":{"type":"gauge","contains":"default","values":{"value":100,"min":100,"max":100}},"http_req_connecting":{"values":{"max":93.688738,"avg":0.03370811615949593,"min":0,"med":0,"p(90)":0,"p(95)":0,"p(99)":0.05235569999999821},"type":"trend","contains":"time"},"http_req_sending":{"values":{"max":75.765827,"avg":0.06169378243963554,"min":0.002461,"med":0.007838,"p(90)":0.017256,"p(95)":0.0366785,"p(99)":0.6623125999999994},"type":"trend","contains":"time"},"http_req_duration":{"type":"trend","contains":"time","values":{"avg":11.93354591966941,"min":5.185897,"med":9.5718505,"p(90)":20.966756500000002,"p(95)":26.0881725,"p(99)":37.09503335,"max":272.546629}},"checks":{"values":{"rate":1,"passes":490696,"fails":0},"type":"rate","contains":"default"},"http_reqs":{"type":"counter","contains":"default","values":{"count":490696,"rate":8176.769239379998}},"http_req_receiving":{"type":"trend","contains":"time","values":{"p(95)":0.157078,"p(99)":1.400230349999962,"max":179.096018,"avg":0.09157727774018996,"min":0.006775,"med":0.019341,"p(90)":0.064499}}},"root_group":{"id":"d41d8cd98f00b204e9800998ecf8427e","groups":[],"checks":[{"name":"status < 500","path":"::status < 500","id":"742a39bb408e90b9d42e838ebcdbe518","passes":490696,"fails":0}],"name":"","path":""}}