{"root_group":{"path":"","id":"d41d8cd98f00b204e9800998ecf8427e","groups":[],"checks":[{"name":"status < 500","path":"::status < 500","id":"742a39bb408e90b9d42e838ebcdbe518","passes":171957,"fails":0}],"name":""},"options":{"summaryTrendStats":["avg","min","med","p(90)","p(95)","p(99)","max"],"summaryTimeUnit":"","noColor":false},"state":{"isStdOutTTY":false,"isStdErrTTY":false,"testRunDurationMs":60008.302371},"metrics":{"vus_max":{"contains":"default","values":{"min":100,"max":100,"value":100},"type":"gauge"},"server_errors":{"contains":"default","values":{"rate":0,"passes":0,"fails":171957},"type":"rate"},"http_req_receiving":{"type":"trend","contains":"time","values":{"min":0.007362,"med":0.018863,"p(90)":0.038886399999999995,"p(95)":0.07447959999999977,"p(99)":0.7879832800000002,"max":45.791231,"avg":0.05926483956454254}},"http_req_blocked":{"type":"trend","contains":"time","values":{"avg":0.015720356519362332,"min":0.000823,"med":0.002435,"p(90)":0.003571,"p(95)":0.004431,"p(99)":0.11898288000000012,"max":25.231029}},"iteration_duration":{"type":"trend","contains":"time","values":{"med":16.805734,"p(90)":77.49568459999999,"p(95)":83.31905239999999,"p(99)":98.05531764000001,"max":232.479262,"avg":34.8702558607374,"min":5.359642}},"vus":{"type":"gauge","contains":"default","values":{"value":100,"min":100,"max":100}},"data_received":{"type":"counter","contains":"data","values":{"count":71793337,"rate":1196390.0687631401}},"http_req_sending":{"type":"trend","contains":"time","values":{"med":0.007679,"p(90)":0.014211,"p(95)":0.02205619999999998,"p(99)":0.2683800000000003,"max":31.607589,"avg":0.027767018940782155,"min":0.002639}},"http_req_waiting":{"type":"trend","contains":"time","values":{"med":16.517194,"p(90)":77.1771304,"p(95)":82.94774339999998,"p(99)":97.62320964000006,"max":232.227918,"avg":34.5920604670709,"min":5.274652}},"http_req_duration":{"contains":"time","values":{"p(90)":77.2903944,"p(95)":83.07784479999998,"p(99)":97.76478756,"max":232.366445,"avg":34.6790923255757,"min":5.29816,"med":16.616323},"type":"trend"},"checks":{"type":"rate","contains":"default","values":{"rate":1,"passes":171957,"fails":0}},"data_sent":{"type":"counter","contains":"data","values":{"count":22053955,"rate":367515.0625600423}},"http_req_duration{expected_response:true}":{"values":{"avg":34.6790923255757,"min":5.29816,"med":16.616323,"p(90)":77.2903944,"p(95)":83.07784479999998,"p(99)":97.76478756,"max":232.366445},"type":"trend","contains":"time"},"http_req_connecting":{"type":"trend","contains":"time","values":{"med":0,"p(90)":0,"p(95)":0,"p(99)":0.05756336000000004,"max":24.995457,"avg":0.009565883331297945,"min":0}},"http_reqs":{"contains":"default","values":{"rate":2865.5534851974257,"count":171957},"type":"counter"},"http_req_tls_handshaking":{"type":"trend","contains":"time","values":{"max":0,"avg":0,"min":0,"med":0,"p(90)":0,"p(95)":0,"p(99)":0}},"http_req_failed":{"type":"rate","contains":"default","values":{"rate":0,"passes":0,"fails":171957}},"iterations":{"contains":"default","values":{"rate":2865.5534851974257,"count":171957},"type":"counter"}}}